"REGION","TECHNOLOGY","YEAR","Val"
"ATX","COALPP","2015",3559.411
"ATX","COALPP","2016",3559.411
"ATX","COALPP","2017",3527.195
"ATX","COALPP","2018",3521.692
"ATX","COALPP","2019",3513.332
"ATX","COALPP","2020",3509.361
"ATX","COALPP","2021",3504.5
"ATX","COALPP","2022",3508.889
"ATX","COALPP","2023",3500.413
"ATX","COALPP","2024",3496.165
"ATX","COALPP","2025",3499.986
"ATX","COALPP","2026",3485.754
"ATX","COALPP","2027",3469.517
"ATX","COALPP","2028",3456.042
"ATX","COALPP","2029",3448.081
"ATX","COALPP","2030",3438.518
"ATX","COALPP","2031",3428.361
"ATX","COALPP","2032",3415.323
"ATX","COALPP","2033",3404.445
"ATX","COALPP","2034",3399.069
"ATX","COALPP","2035",3389.959
"ATX","COALPP","2036",3379.142
"ATX","COALPP","2037",3366.72
"ATX","COALPP","2038",3360.839
"ATX","COALPP","2039",3353.715
"ATX","COALPP","2040",3342.171
"ATX","COALPP","2041",3332.432
"ATX","COALPP","2042",3325.028
"ATX","COALPP","2043",3317.846
"ATX","COALPP","2044",3309.964
"ATX","COALPP","2045",3301.119
"ATX","COALPP","2046",3293.411
"ATX","COALPP","2047",3284.579
"ATX","COALPP","2048",3273.45
"ATX","COALPP","2049",3265.691
"ATX","COALPP","2050",3237.378
"ATX","CCPP","2015",1010.284
"ATX","CCPP","2016",1010.284
"ATX","CCPP","2017",1003.702
"ATX","CCPP","2018",1004.709
"ATX","CCPP","2019",1004.907
"ATX","CCPP","2020",1003.228
"ATX","CCPP","2021",1001.323
"ATX","CCPP","2022",1002.166
"ATX","CCPP","2023",999.333
"ATX","CCPP","2024",997.706
"ATX","CCPP","2025",997.262
"ATX","CCPP","2026",990.35
"ATX","CCPP","2027",983.683
"ATX","CCPP","2028",974.781
"ATX","CCPP","2029",969.129
"ATX","CCPP","2030",962.767
"ATX","CCPP","2031",958.089
"ATX","CCPP","2032",952.834
"ATX","CCPP","2033",947.871
"ATX","CCPP","2034",944.468
"ATX","CCPP","2035",941.16
"ATX","CCPP","2036",936.779
"ATX","CCPP","2037",931.832
"ATX","CCPP","2038",929.346
"ATX","CCPP","2039",926.012
"ATX","CCPP","2040",922.093
"ATX","CCPP","2041",918.512
"ATX","CCPP","2042",915.971
"ATX","CCPP","2043",913.321
"ATX","CCPP","2044",910.56
"ATX","CCPP","2045",908.318
"ATX","CCPP","2046",906.503
"ATX","CCPP","2047",904.379
"ATX","CCPP","2048",901.622
"ATX","CCPP","2049",899.794
"ATX","CCPP","2050",892.3
"ATX","CTPP","2015",863.859
"ATX","CTPP","2016",863.859
"ATX","CTPP","2017",859.766
"ATX","CTPP","2018",862.167
"ATX","CTPP","2019",858.893
"ATX","CTPP","2020",857.389
"ATX","CTPP","2021",855.674
"ATX","CTPP","2022",856.324
"ATX","CTPP","2023",853.834
"ATX","CTPP","2024",852.374
"ATX","CTPP","2025",851.735
"ATX","CTPP","2026",845.346
"ATX","CTPP","2027",839.306
"ATX","CTPP","2028",830.843
"ATX","CTPP","2029",825.442
"ATX","CTPP","2030",819.391
"ATX","CTPP","2031",815.092
"ATX","CTPP","2032",810.342
"ATX","CTPP","2033",805.787
"ATX","CTPP","2034",802.563
"ATX","CTPP","2035",799.617
"ATX","CTPP","2036",795.655
"ATX","CTPP","2037",791.191
"ATX","CTPP","2038",788.93
"ATX","CTPP","2039",785.861
"ATX","CTPP","2040",782.407
"ATX","CTPP","2041",779.211
"ATX","CTPP","2042",776.968
"ATX","CTPP","2043",774.602
"ATX","CTPP","2044",772.157
"ATX","CTPP","2045",770.289
"ATX","CTPP","2046",768.804
"ATX","CTPP","2047",767.056
"ATX","CTPP","2048",764.772
"ATX","CTPP","2049",763.275
"ATX","CTPP","2050",756.973
"ATX","NUCPP","2015",5514.824
"ATX","NUCPP","2016",5477.081
"ATX","NUCPP","2017",5406.262
"ATX","NUCPP","2018",5376.487
"ATX","NUCPP","2019",5342.306
"ATX","NUCPP","2020",5314.746
"ATX","NUCPP","2021",5293.103
"ATX","NUCPP","2022",5291.28
"ATX","NUCPP","2023",5263.831
"ATX","NUCPP","2024",5242.718
"ATX","NUCPP","2025",5233.631
"ATX","NUCPP","2026",5197.518
"ATX","NUCPP","2027",5158.468
"ATX","NUCPP","2028",5123.577
"ATX","NUCPP","2029",5096.874
"ATX","NUCPP","2030",5067.803
"ATX","NUCPP","2031",5037.864
"ATX","NUCPP","2032",5003.716
"ATX","NUCPP","2033",4972.76
"ATX","NUCPP","2034",4949.832
"ATX","NUCPP","2035",4921.453
"ATX","NUCPP","2036",4890.606
"ATX","NUCPP","2037",4857.459
"ATX","NUCPP","2038",4833.753
"ATX","NUCPP","2039",4808.236
"ATX","NUCPP","2040",4776.387
"ATX","NUCPP","2041",4747.133
"ATX","NUCPP","2042",4721.203
"ATX","NUCPP","2043",4695.575
"ATX","NUCPP","2044",4668.942
"ATX","NUCPP","2045",4640.945
"ATX","NUCPP","2046",4614.541
"ATX","NUCPP","2047",4586.555
"ATX","NUCPP","2048",4555.374
"ATX","NUCPP","2049",4528.887
"ATX","NUCPP","2050",4473.984
"ATX","HYDROPP","2015",4045.377
"ATX","HYDROPP","2016",4045.377
"ATX","HYDROPP","2017",4045.377
"ATX","HYDROPP","2018",4045.377
"ATX","HYDROPP","2019",4045.377
"ATX","HYDROPP","2020",4045.377
"ATX","HYDROPP","2021",4045.377
"ATX","HYDROPP","2022",4045.377
"ATX","HYDROPP","2023",4045.377
"ATX","HYDROPP","2024",4045.377
"ATX","HYDROPP","2025",4045.377
"ATX","HYDROPP","2026",4045.377
"ATX","HYDROPP","2027",4045.377
"ATX","HYDROPP","2028",4045.377
"ATX","HYDROPP","2029",4045.377
"ATX","HYDROPP","2030",4045.377
"ATX","HYDROPP","2031",4045.377
"ATX","HYDROPP","2032",4045.377
"ATX","HYDROPP","2033",4045.377
"ATX","HYDROPP","2034",4045.377
"ATX","HYDROPP","2035",4045.377
"ATX","HYDROPP","2036",4045.377
"ATX","HYDROPP","2037",4045.377
"ATX","HYDROPP","2038",4045.377
"ATX","HYDROPP","2039",4045.377
"ATX","HYDROPP","2040",4045.377
"ATX","HYDROPP","2041",4045.377
"ATX","HYDROPP","2042",4045.377
"ATX","HYDROPP","2043",4045.377
"ATX","HYDROPP","2044",4045.377
"ATX","HYDROPP","2045",4045.377
"ATX","HYDROPP","2046",4045.377
"ATX","HYDROPP","2047",4045.377
"ATX","HYDROPP","2048",4045.377
"ATX","HYDROPP","2049",4045.377
"ATX","HYDROPP","2050",4045.377
"ATX","WINDPP","2015",1607.789
"ATX","WINDPP","2016",1566.569
"ATX","WINDPP","2017",1562.972
"ATX","WINDPP","2018",1557.682
"ATX","WINDPP","2019",1550.73
"ATX","WINDPP","2020",1542.148
"ATX","WINDPP","2021",1540.115
"ATX","WINDPP","2022",1536.708
"ATX","WINDPP","2023",1531.952
"ATX","WINDPP","2024",1525.873
"ATX","WINDPP","2025",1518.497
"ATX","WINDPP","2026",1509.849
"ATX","WINDPP","2027",1499.955
"ATX","WINDPP","2028",1488.84
"ATX","WINDPP","2029",1476.531
"ATX","WINDPP","2030",1463.053
"ATX","WINDPP","2031",1470.501
"ATX","WINDPP","2032",1477.201
"ATX","WINDPP","2033",1483.166
"ATX","WINDPP","2034",1488.405
"ATX","WINDPP","2035",1492.93
"ATX","WINDPP","2036",1496.751
"ATX","WINDPP","2037",1499.879
"ATX","WINDPP","2038",1502.326
"ATX","WINDPP","2039",1504.101
"ATX","WINDPP","2040",1505.215
"ATX","WINDPP","2041",1505.68
"ATX","WINDPP","2042",1505.506
"ATX","WINDPP","2043",1504.705
"ATX","WINDPP","2044",1503.286
"ATX","WINDPP","2045",1501.26
"ATX","WINDPP","2046",1498.639
"ATX","WINDPP","2047",1495.434
"ATX","WINDPP","2048",1491.654
"ATX","WINDPP","2049",1487.311
"ATX","WINDPP","2050",1482.416
"ATX","SOLPP","2015",1988.36
"ATX","SOLPP","2016",1493.91
"ATX","SOLPP","2017",1203.622
"ATX","SOLPP","2018",1133.419
"ATX","SOLPP","2019",1093.303
"ATX","SOLPP","2020",1032.981
"ATX","SOLPP","2021",1020.614
"ATX","SOLPP","2022",1008.247
"ATX","SOLPP","2023",995.88
"ATX","SOLPP","2024",983.513
"ATX","SOLPP","2025",971.146
"ATX","SOLPP","2026",958.779
"ATX","SOLPP","2027",946.412
"ATX","SOLPP","2028",934.045
"ATX","SOLPP","2029",921.678
"ATX","SOLPP","2030",909.311
"ATX","SOLPP","2031",899.207
"ATX","SOLPP","2032",889.104
"ATX","SOLPP","2033",879
"ATX","SOLPP","2034",868.897
"ATX","SOLPP","2035",858.793
"ATX","SOLPP","2036",848.69
"ATX","SOLPP","2037",838.587
"ATX","SOLPP","2038",828.483
"ATX","SOLPP","2039",818.38
"ATX","SOLPP","2040",808.276
"ATX","SOLPP","2041",799.071
"ATX","SOLPP","2042",789.865
"ATX","SOLPP","2043",780.659
"ATX","SOLPP","2044",771.454
"ATX","SOLPP","2045",762.248
"ATX","SOLPP","2046",753.042
"ATX","SOLPP","2047",743.837
"ATX","SOLPP","2048",734.631
"ATX","SOLPP","2049",725.425
"ATX","SOLPP","2050",716.22
"ATX","BIOPP","2015",3736.935
"ATX","BIOPP","2016",3730.294
"ATX","BIOPP","2017",3701.01
"ATX","BIOPP","2018",3699.734
"ATX","BIOPP","2019",3695.467
"ATX","BIOPP","2020",3674.666
"ATX","BIOPP","2021",3659.271
"ATX","BIOPP","2022",3659.094
"ATX","BIOPP","2023",3645.484
"ATX","BIOPP","2024",3636.269
"ATX","BIOPP","2025",3635.424
"ATX","BIOPP","2026",3615.815
"ATX","BIOPP","2027",3594.145
"ATX","BIOPP","2028",3575.353
"ATX","BIOPP","2029",3562.269
"ATX","BIOPP","2030",3547.53
"ATX","BIOPP","2031",3532.182
"ATX","BIOPP","2032",3513.873
"ATX","BIOPP","2033",3497.795
"ATX","BIOPP","2034",3487.368
"ATX","BIOPP","2035",3473.104
"ATX","BIOPP","2036",3457.096
"ATX","BIOPP","2037",3439.452
"ATX","BIOPP","2038",3428.493
"ATX","BIOPP","2039",3416.257
"ATX","BIOPP","2040",3399.521
"ATX","BIOPP","2041",3384.626
"ATX","BIOPP","2042",3372.102
"ATX","BIOPP","2043",3359.798
"ATX","BIOPP","2044",3346.782
"ATX","BIOPP","2045",3332.788
"ATX","BIOPP","2046",3319.942
"ATX","BIOPP","2047",3305.96
"ATX","BIOPP","2048",3289.671
"ATX","BIOPP","2049",3276.769
"ATX","BIOPP","2050",3243.273
"ATX","CCCCSPP","2015",2108.717
"ATX","CCCCSPP","2016",2108.717
"ATX","CCCCSPP","2017",2090.581
"ATX","CCCCSPP","2018",2088.274
"ATX","CCCCSPP","2019",2084.275
"ATX","CCCCSPP","2020",2074.142
"ATX","CCCCSPP","2021",2063.467
"ATX","CCCCSPP","2022",2058.481
"ATX","CCCCSPP","2023",2045.918
"ATX","CCCCSPP","2024",2035.816
"ATX","CCCCSPP","2025",2027.433
"ATX","CCCCSPP","2026",2005.094
"ATX","CCCCSPP","2027",1983.769
"ATX","CCCCSPP","2028",1956.104
"ATX","CCCCSPP","2029",1936.029
"ATX","CCCCSPP","2030",1914.369
"ATX","CCCCSPP","2031",1897.249
"ATX","CCCCSPP","2032",1879.144
"ATX","CCCCSPP","2033",1861.425
"ATX","CCCCSPP","2034",1846.784
"ATX","CCCCSPP","2035",1833.091
"ATX","CCCCSPP","2036",1816.899
"ATX","CCCCSPP","2037",1799.539
"ATX","CCCCSPP","2038",1787.386
"ATX","CCCCSPP","2039",1773.235
"ATX","CCCCSPP","2040",1758.423
"ATX","CCCCSPP","2041",1744.144
"ATX","CCCCSPP","2042",1732.13
"ATX","CCCCSPP","2043",1719.778
"ATX","CCCCSPP","2044",1707.273
"ATX","CCCCSPP","2045",1696.329
"ATX","CCCCSPP","2046",1686.27
"ATX","CCCCSPP","2047",1675.632
"ATX","CCCCSPP","2048",1663.827
"ATX","CCCCSPP","2049",1653.414
"ATX","CCCCSPP","2050",1630.146
"ATX","IGCCCCSPP","2015",5447.6
"ATX","IGCCCCSPP","2016",5447.6
"ATX","IGCCCCSPP","2017",5402.093
"ATX","IGCCCCSPP","2018",5397.479
"ATX","IGCCCCSPP","2019",5388.495
"ATX","IGCCCCSPP","2020",5386.254
"ATX","IGCCCCSPP","2021",5368.398
"ATX","IGCCCCSPP","2022",5364.66
"ATX","IGCCCCSPP","2023",5341.213
"ATX","IGCCCCSPP","2024",5324.202
"ATX","IGCCCCSPP","2025",5319.427
"ATX","IGCCCCSPP","2026",5287.191
"ATX","IGCCCCSPP","2027",5251.951
"ATX","IGCCCCSPP","2028",5220.93
"ATX","IGCCCCSPP","2029",5198.248
"ATX","IGCCCCSPP","2030",5173.153
"ATX","IGCCCCSPP","2031",5147.168
"ATX","IGCCCCSPP","2032",5116.875
"ATX","IGCCCCSPP","2033",5089.839
"ATX","IGCCCCSPP","2034",5071.022
"ATX","IGCCCCSPP","2035",5046.623
"ATX","IGCCCCSPP","2036",5019.693
"ATX","IGCCCCSPP","2037",4990.393
"ATX","IGCCCCSPP","2038",4970.792
"ATX","IGCCCCSPP","2039",4949.336
"ATX","IGCCCCSPP","2040",4921.361
"ATX","IGCCCCSPP","2041",4896.055
"ATX","IGCCCCSPP","2042",4874.177
"ATX","IGCCCCSPP","2043",4852.615
"ATX","IGCCCCSPP","2044",4830.02
"ATX","IGCCCCSPP","2045",4806.015
"ATX","IGCCCCSPP","2046",4783.662
"ATX","IGCCCCSPP","2047",4759.67
"ATX","IGCCCCSPP","2048",4732.359
"ATX","IGCCCCSPP","2049",4709.341
"ATX","IGCCCCSPP","2050",4652.251
"ATX","H2FUELCELL","2015",1000
"ATX","H2FUELCELL","2016",1000
"ATX","H2FUELCELL","2017",1000
"ATX","H2FUELCELL","2018",1000
"ATX","H2FUELCELL","2019",1000
"ATX","H2FUELCELL","2020",1000
"ATX","H2FUELCELL","2021",1000
"ATX","H2FUELCELL","2022",1000
"ATX","H2FUELCELL","2023",1000
"ATX","H2FUELCELL","2024",1000
"ATX","H2FUELCELL","2025",1000
"ATX","H2FUELCELL","2026",1000
"ATX","H2FUELCELL","2027",1000
"ATX","H2FUELCELL","2028",1000
"ATX","H2FUELCELL","2029",1000
"ATX","H2FUELCELL","2030",1000
"ATX","H2FUELCELL","2031",1000
"ATX","H2FUELCELL","2032",1000
"ATX","H2FUELCELL","2033",1000
"ATX","H2FUELCELL","2034",1000
"ATX","H2FUELCELL","2035",1000
"ATX","H2FUELCELL","2036",1000
"ATX","H2FUELCELL","2037",1000
"ATX","H2FUELCELL","2038",1000
"ATX","H2FUELCELL","2039",1000
"ATX","H2FUELCELL","2040",1000
"ATX","H2FUELCELL","2041",1000
"ATX","H2FUELCELL","2042",1000
"ATX","H2FUELCELL","2043",1000
"ATX","H2FUELCELL","2044",1000
"ATX","H2FUELCELL","2045",1000
"ATX","H2FUELCELL","2046",1000
"ATX","H2FUELCELL","2047",1000
"ATX","H2FUELCELL","2048",1000
"ATX","H2FUELCELL","2049",1000
"ATX","H2FUELCELL","2050",1000
"ATX","BATTERY","2015",494
"ATX","BATTERY","2016",434.72
"ATX","BATTERY","2017",382.5536
"ATX","BATTERY","2018",336.647168
"ATX","BATTERY","2019",296.2495078
"ATX","BATTERY","2020",260.6995669
"ATX","BATTERY","2021",229.4156189
"ATX","BATTERY","2022",201.8857446
"ATX","BATTERY","2023",177.6594553
"ATX","BATTERY","2024",156.3403206
"ATX","BATTERY","2025",137.5794821
"ATX","BATTERY","2026",121.0699443
"ATX","BATTERY","2027",106.541551
"ATX","BATTERY","2028",93.75656486
"ATX","BATTERY","2029",82.50577708
"ATX","BATTERY","2030",72.60508383
"ATX","BATTERY","2031",63.89247377
"ATX","BATTERY","2032",56.22537692
"ATX","BATTERY","2033",49.47833169
"ATX","BATTERY","2034",43.54093188
"ATX","BATTERY","2035",38.31602006
"ATX","BATTERY","2036",33.71809765
"ATX","BATTERY","2037",29.67192593
"ATX","BATTERY","2038",26.11129482
"ATX","BATTERY","2039",22.97793944
"ATX","BATTERY","2040",20.22058671
"ATX","BATTERY","2041",17.7941163
"ATX","BATTERY","2042",15.65882235
"ATX","BATTERY","2043",13.77976367
"ATX","BATTERY","2044",12.12619203
"ATX","BATTERY","2045",10.67104898
"ATX","BATTERY","2046",9.390523105
"ATX","BATTERY","2047",8.263660332
"ATX","BATTERY","2048",7.272021092
"ATX","BATTERY","2049",6.399378561
"ATX","BATTERY","2050",5.631453134
"ATX","V2G","2015",741
"ATX","V2G","2016",652.08
"ATX","V2G","2017",573.8304
"ATX","V2G","2018",504.970752
"ATX","V2G","2019",444.3742617
"ATX","V2G","2020",391.04935035
"ATX","V2G","2021",344.12342835
"ATX","V2G","2022",302.8286169
"ATX","V2G","2023",266.48918295
"ATX","V2G","2024",234.5104809
"ATX","V2G","2025",206.36922315
"ATX","V2G","2026",181.60491645
"ATX","V2G","2027",159.8123265
"ATX","V2G","2028",140.63484729
"ATX","V2G","2029",123.75866562
"ATX","V2G","2030",108.907625745
"ATX","V2G","2031",95.838710655
"ATX","V2G","2032",84.33806538
"ATX","V2G","2033",74.217497535
"ATX","V2G","2034",65.31139782
"ATX","V2G","2035",57.47403009
"ATX","V2G","2036",50.577146475
"ATX","V2G","2037",44.507888895
"ATX","V2G","2038",39.16694223
"ATX","V2G","2039",34.46690916
"ATX","V2G","2040",30.330880065
"ATX","V2G","2041",26.69117445
"ATX","V2G","2042",23.488233525
"ATX","V2G","2043",20.669645505
"ATX","V2G","2044",18.189288045
"ATX","V2G","2045",16.00657347
"ATX","V2G","2046",14.0857846575
"ATX","V2G","2047",12.395490498
"ATX","V2G","2048",10.908031638
"ATX","V2G","2049",9.5990678415
"ATX","V2G","2050",8.447179701
"ATX","V2G_F","2015",741
"ATX","V2G_F","2016",652.08
"ATX","V2G_F","2017",573.8304
"ATX","V2G_F","2018",504.970752
"ATX","V2G_F","2019",444.3742617
"ATX","V2G_F","2020",391.04935035
"ATX","V2G_F","2021",344.12342835
"ATX","V2G_F","2022",302.8286169
"ATX","V2G_F","2023",266.48918295
"ATX","V2G_F","2024",234.5104809
"ATX","V2G_F","2025",206.36922315
"ATX","V2G_F","2026",181.60491645
"ATX","V2G_F","2027",159.8123265
"ATX","V2G_F","2028",140.63484729
"ATX","V2G_F","2029",123.75866562
"ATX","V2G_F","2030",108.907625745
"ATX","V2G_F","2031",95.838710655
"ATX","V2G_F","2032",84.33806538
"ATX","V2G_F","2033",74.217497535
"ATX","V2G_F","2034",65.31139782
"ATX","V2G_F","2035",57.47403009
"ATX","V2G_F","2036",50.577146475
"ATX","V2G_F","2037",44.507888895
"ATX","V2G_F","2038",39.16694223
"ATX","V2G_F","2039",34.46690916
"ATX","V2G_F","2040",30.330880065
"ATX","V2G_F","2041",26.69117445
"ATX","V2G_F","2042",23.488233525
"ATX","V2G_F","2043",20.669645505
"ATX","V2G_F","2044",18.189288045
"ATX","V2G_F","2045",16.00657347
"ATX","V2G_F","2046",14.0857846575
"ATX","V2G_F","2047",12.395490498
"ATX","V2G_F","2048",10.908031638
"ATX","V2G_F","2049",9.5990678415
"ATX","V2G_F","2050",8.447179701
"ATX","ICE_PET","2015",27
"ATX","ICE_PET","2016",27
"ATX","ICE_PET","2017",27
"ATX","ICE_PET","2018",27
"ATX","ICE_PET","2019",27
"ATX","ICE_PET","2020",27
"ATX","ICE_PET","2021",27
"ATX","ICE_PET","2022",27
"ATX","ICE_PET","2023",27
"ATX","ICE_PET","2024",27
"ATX","ICE_PET","2025",27
"ATX","ICE_PET","2026",27
"ATX","ICE_PET","2027",27
"ATX","ICE_PET","2028",27
"ATX","ICE_PET","2029",27
"ATX","ICE_PET","2030",27
"ATX","ICE_PET","2031",27
"ATX","ICE_PET","2032",27
"ATX","ICE_PET","2033",27
"ATX","ICE_PET","2034",27
"ATX","ICE_PET","2035",27
"ATX","ICE_PET","2036",27
"ATX","ICE_PET","2037",27
"ATX","ICE_PET","2038",27
"ATX","ICE_PET","2039",27
"ATX","ICE_PET","2040",27
"ATX","ICE_PET","2041",27
"ATX","ICE_PET","2042",27
"ATX","ICE_PET","2043",27
"ATX","ICE_PET","2044",27
"ATX","ICE_PET","2045",27
"ATX","ICE_PET","2046",27
"ATX","ICE_PET","2047",27
"ATX","ICE_PET","2048",27
"ATX","ICE_PET","2049",27
"ATX","ICE_PET","2050",27
"ATX","ICE_DSL","2015",32
"ATX","ICE_DSL","2016",32
"ATX","ICE_DSL","2017",32
"ATX","ICE_DSL","2018",32
"ATX","ICE_DSL","2019",32
"ATX","ICE_DSL","2020",32
"ATX","ICE_DSL","2021",32
"ATX","ICE_DSL","2022",32
"ATX","ICE_DSL","2023",32
"ATX","ICE_DSL","2024",32
"ATX","ICE_DSL","2025",32
"ATX","ICE_DSL","2026",32
"ATX","ICE_DSL","2027",32
"ATX","ICE_DSL","2028",32
"ATX","ICE_DSL","2029",32
"ATX","ICE_DSL","2030",32
"ATX","ICE_DSL","2031",32
"ATX","ICE_DSL","2032",32
"ATX","ICE_DSL","2033",32
"ATX","ICE_DSL","2034",32
"ATX","ICE_DSL","2035",32
"ATX","ICE_DSL","2036",32
"ATX","ICE_DSL","2037",32
"ATX","ICE_DSL","2038",32
"ATX","ICE_DSL","2039",32
"ATX","ICE_DSL","2040",32
"ATX","ICE_DSL","2041",32
"ATX","ICE_DSL","2042",32
"ATX","ICE_DSL","2043",32
"ATX","ICE_DSL","2044",32
"ATX","ICE_DSL","2045",32
"ATX","ICE_DSL","2046",32
"ATX","ICE_DSL","2047",32
"ATX","ICE_DSL","2048",32
"ATX","ICE_DSL","2049",32
"ATX","ICE_DSL","2050",32
"ATX","PHEV","2015",37.5
"ATX","PHEV","2016",37.5
"ATX","PHEV","2017",37.5
"ATX","PHEV","2018",37.5
"ATX","PHEV","2019",37.5
"ATX","PHEV","2020",37.5
"ATX","PHEV","2021",37.5
"ATX","PHEV","2022",37.5
"ATX","PHEV","2023",37.5
"ATX","PHEV","2024",37.5
"ATX","PHEV","2025",37.5
"ATX","PHEV","2026",37.5
"ATX","PHEV","2027",37.5
"ATX","PHEV","2028",37.5
"ATX","PHEV","2029",37.5
"ATX","PHEV","2030",37.5
"ATX","PHEV","2031",37.5
"ATX","PHEV","2032",37.5
"ATX","PHEV","2033",37.5
"ATX","PHEV","2034",37.5
"ATX","PHEV","2035",37.5
"ATX","PHEV","2036",37.5
"ATX","PHEV","2037",37.5
"ATX","PHEV","2038",37.5
"ATX","PHEV","2039",37.5
"ATX","PHEV","2040",37.5
"ATX","PHEV","2041",37.5
"ATX","PHEV","2042",37.5
"ATX","PHEV","2043",37.5
"ATX","PHEV","2044",37.5
"ATX","PHEV","2045",37.5
"ATX","PHEV","2046",37.5
"ATX","PHEV","2047",37.5
"ATX","PHEV","2048",37.5
"ATX","PHEV","2049",37.5
"ATX","PHEV","2050",37.5
"ATX","HYBRID","2015",32
"ATX","HYBRID","2016",32
"ATX","HYBRID","2017",32
"ATX","HYBRID","2018",32
"ATX","HYBRID","2019",32
"ATX","HYBRID","2020",32
"ATX","HYBRID","2021",32
"ATX","HYBRID","2022",32
"ATX","HYBRID","2023",32
"ATX","HYBRID","2024",32
"ATX","HYBRID","2025",32
"ATX","HYBRID","2026",32
"ATX","HYBRID","2027",32
"ATX","HYBRID","2028",32
"ATX","HYBRID","2029",32
"ATX","HYBRID","2030",32
"ATX","HYBRID","2031",32
"ATX","HYBRID","2032",32
"ATX","HYBRID","2033",32
"ATX","HYBRID","2034",32
"ATX","HYBRID","2035",32
"ATX","HYBRID","2036",32
"ATX","HYBRID","2037",32
"ATX","HYBRID","2038",32
"ATX","HYBRID","2039",32
"ATX","HYBRID","2040",32
"ATX","HYBRID","2041",32
"ATX","HYBRID","2042",32
"ATX","HYBRID","2043",32
"ATX","HYBRID","2044",32
"ATX","HYBRID","2045",32
"ATX","HYBRID","2046",32
"ATX","HYBRID","2047",32
"ATX","HYBRID","2048",32
"ATX","HYBRID","2049",32
"ATX","HYBRID","2050",32
"ATX","H2V","2015",57.5
"ATX","H2V","2016",57.5
"ATX","H2V","2017",57.5
"ATX","H2V","2018",57.5
"ATX","H2V","2019",57.5
"ATX","H2V","2020",57.5
"ATX","H2V","2021",57.5
"ATX","H2V","2022",57.5
"ATX","H2V","2023",57.5
"ATX","H2V","2024",57.5
"ATX","H2V","2025",57.5
"ATX","H2V","2026",57.5
"ATX","H2V","2027",57.5
"ATX","H2V","2028",57.5
"ATX","H2V","2029",57.5
"ATX","H2V","2030",57.5
"ATX","H2V","2031",57.5
"ATX","H2V","2032",57.5
"ATX","H2V","2033",57.5
"ATX","H2V","2034",57.5
"ATX","H2V","2035",57.5
"ATX","H2V","2036",57.5
"ATX","H2V","2037",57.5
"ATX","H2V","2038",57.5
"ATX","H2V","2039",57.5
"ATX","H2V","2040",57.5
"ATX","H2V","2041",57.5
"ATX","H2V","2042",57.5
"ATX","H2V","2043",57.5
"ATX","H2V","2044",57.5
"ATX","H2V","2045",57.5
"ATX","H2V","2046",57.5
"ATX","H2V","2047",57.5
"ATX","H2V","2048",57.5
"ATX","H2V","2049",57.5
"ATX","H2V","2050",57.5
"ATX","EV","2015",38.886
"ATX","EV","2016",37.8563
"ATX","EV","2017",36.8539
"ATX","EV","2018",35.8781
"ATX","EV","2019",34.9281
"ATX","EV","2020",34.0032
"ATX","EV","2021",33.1028
"ATX","EV","2022",32.2263
"ATX","EV","2023",31.373
"ATX","EV","2024",30.5423
"ATX","EV","2025",29.7335
"ATX","EV","2026",28.9462
"ATX","EV","2027",28.1798
"ATX","EV","2028",27.4336
"ATX","EV","2029",26.7072
"ATX","EV","2030",26
"ATX","EV","2031",25.9818
"ATX","EV","2032",25.9636
"ATX","EV","2033",25.9454
"ATX","EV","2034",25.9273
"ATX","EV","2035",25.9091
"ATX","EV","2036",25.891
"ATX","EV","2037",25.8729
"ATX","EV","2038",25.8548
"ATX","EV","2039",25.8367
"ATX","EV","2040",25.8186
"ATX","EV","2041",25.8005
"ATX","EV","2042",25.7824
"ATX","EV","2043",25.7644
"ATX","EV","2044",25.7464
"ATX","EV","2045",25.7283
"ATX","EV","2046",25.7103
"ATX","EV","2047",25.6923
"ATX","EV","2048",25.6743
"ATX","EV","2049",25.6564
"ATX","EV","2050",25.6384
"ATX","ICE_PET_F","2015",33.495
"ATX","ICE_PET_F","2016",32.62467
"ATX","ICE_PET_F","2017",31.87096422
"ATX","ICE_PET_F","2018",31.21825501452
"ATX","ICE_PET_F","2019",30.6530088425743
"ATX","ICE_PET_F","2020",30.1635056576694
"ATX","ICE_PET_F","2021",29.7395958995417
"ATX","ICE_PET_F","2022",29.3724900490031
"ATX","ICE_PET_F","2023",29.0545763824367
"ATX","ICE_PET_F","2024",28.7792631471902
"ATX","ICE_PET_F","2025",28.5408418854667
"ATX","ICE_PET_F","2026",28.3343690728141
"ATX","ICE_PET_F","2027",28.155563617057
"ATX","ICE_PET_F","2028",28.0007180923714
"ATX","ICE_PET_F","2029",27.8666218679936
"ATX","ICE_PET_F","2030",27.7504945376825
"ATX","ICE_PET_F","2031",27.649928269633
"ATX","ICE_PET_F","2032",27.5628378815022
"ATX","ICE_PET_F","2033",27.4874176053809
"ATX","ICE_PET_F","2034",27.4221036462599
"ATX","ICE_PET_F","2035",27.365541757661
"ATX","ICE_PET_F","2036",27.3165591621345
"ATX","ICE_PET_F","2037",27.2741402344084
"ATX","ICE_PET_F","2038",27.2374054429977
"ATX","ICE_PET_F","2039",27.205593113636
"ATX","ICE_PET_F","2040",27.1780436364088
"ATX","ICE_PET_F","2041",27.15418578913
"ATX","ICE_PET_F","2042",27.1335248933866
"ATX","ICE_PET_F","2043",27.1156325576728
"ATX","ICE_PET_F","2044",27.1001377949446
"ATX","ICE_PET_F","2045",27.1
"ATX","ICE_PET_F","2046",27.1
"ATX","ICE_PET_F","2047",27.1
"ATX","ICE_PET_F","2048",27.1
"ATX","ICE_PET_F","2049",27.1
"ATX","ICE_PET_F","2050",27.1
"ATX","ICE_DSL_F","2015",38.495
"ATX","ICE_DSL_F","2016",37.62467
"ATX","ICE_DSL_F","2017",36.87096422
"ATX","ICE_DSL_F","2018",36.21825501452
"ATX","ICE_DSL_F","2019",35.6530088425743
"ATX","ICE_DSL_F","2020",35.1635056576694
"ATX","ICE_DSL_F","2021",34.7395958995417
"ATX","ICE_DSL_F","2022",34.3724900490031
"ATX","ICE_DSL_F","2023",34.0545763824367
"ATX","ICE_DSL_F","2024",33.7792631471902
"ATX","ICE_DSL_F","2025",33.5408418854667
"ATX","ICE_DSL_F","2026",33.3343690728141
"ATX","ICE_DSL_F","2027",33.155563617057
"ATX","ICE_DSL_F","2028",33.0007180923714
"ATX","ICE_DSL_F","2029",32.8666218679936
"ATX","ICE_DSL_F","2030",32.7504945376825
"ATX","ICE_DSL_F","2031",32.649928269633
"ATX","ICE_DSL_F","2032",32.5628378815022
"ATX","ICE_DSL_F","2033",32.4874176053809
"ATX","ICE_DSL_F","2034",32.4221036462599
"ATX","ICE_DSL_F","2035",32.365541757661
"ATX","ICE_DSL_F","2036",32.3165591621345
"ATX","ICE_DSL_F","2037",32.2741402344084
"ATX","ICE_DSL_F","2038",32.2374054429977
"ATX","ICE_DSL_F","2039",32.205593113636
"ATX","ICE_DSL_F","2040",32.1780436364088
"ATX","ICE_DSL_F","2041",32.15418578913
"ATX","ICE_DSL_F","2042",32.1335248933866
"ATX","ICE_DSL_F","2043",32.1156325576728
"ATX","ICE_DSL_F","2044",32.1001377949446
"ATX","ICE_DSL_F","2045",32.1
"ATX","ICE_DSL_F","2046",32.1
"ATX","ICE_DSL_F","2047",32.1
"ATX","ICE_DSL_F","2048",32.1
"ATX","ICE_DSL_F","2049",32.1
"ATX","ICE_DSL_F","2050",32.1
"ATX","PHEV_F","2015",43.995
"ATX","PHEV_F","2016",43.12467
"ATX","PHEV_F","2017",42.37096422
"ATX","PHEV_F","2018",41.71825501452
"ATX","PHEV_F","2019",41.1530088425743
"ATX","PHEV_F","2020",40.6635056576694
"ATX","PHEV_F","2021",40.2395958995417
"ATX","PHEV_F","2022",39.8724900490031
"ATX","PHEV_F","2023",39.5545763824367
"ATX","PHEV_F","2024",39.2792631471902
"ATX","PHEV_F","2025",39.0408418854667
"ATX","PHEV_F","2026",38.8343690728141
"ATX","PHEV_F","2027",38.655563617057
"ATX","PHEV_F","2028",38.5007180923714
"ATX","PHEV_F","2029",38.3666218679936
"ATX","PHEV_F","2030",38.2504945376825
"ATX","PHEV_F","2031",38.149928269633
"ATX","PHEV_F","2032",38.0628378815022
"ATX","PHEV_F","2033",37.9874176053809
"ATX","PHEV_F","2034",37.9221036462599
"ATX","PHEV_F","2035",37.865541757661
"ATX","PHEV_F","2036",37.8165591621345
"ATX","PHEV_F","2037",37.7741402344084
"ATX","PHEV_F","2038",37.7374054429977
"ATX","PHEV_F","2039",37.705593113636
"ATX","PHEV_F","2040",37.6780436364088
"ATX","PHEV_F","2041",37.65418578913
"ATX","PHEV_F","2042",37.6335248933866
"ATX","PHEV_F","2043",37.6156325576728
"ATX","PHEV_F","2044",37.6001377949446
"ATX","PHEV_F","2045",37.6
"ATX","PHEV_F","2046",37.6
"ATX","PHEV_F","2047",37.6
"ATX","PHEV_F","2048",37.6
"ATX","PHEV_F","2049",37.6
"ATX","PHEV_F","2050",37.6
"ATX","HYBRID_F","2015",38.495
"ATX","HYBRID_F","2016",37.62467
"ATX","HYBRID_F","2017",36.87096422
"ATX","HYBRID_F","2018",36.21825501452
"ATX","HYBRID_F","2019",35.6530088425743
"ATX","HYBRID_F","2020",35.1635056576694
"ATX","HYBRID_F","2021",34.7395958995417
"ATX","HYBRID_F","2022",34.3724900490031
"ATX","HYBRID_F","2023",34.0545763824367
"ATX","HYBRID_F","2024",33.7792631471902
"ATX","HYBRID_F","2025",33.5408418854667
"ATX","HYBRID_F","2026",33.3343690728141
"ATX","HYBRID_F","2027",33.155563617057
"ATX","HYBRID_F","2028",33.0007180923714
"ATX","HYBRID_F","2029",32.8666218679936
"ATX","HYBRID_F","2030",32.7504945376825
"ATX","HYBRID_F","2031",32.649928269633
"ATX","HYBRID_F","2032",32.5628378815022
"ATX","HYBRID_F","2033",32.4874176053809
"ATX","HYBRID_F","2034",32.4221036462599
"ATX","HYBRID_F","2035",32.365541757661
"ATX","HYBRID_F","2036",32.3165591621345
"ATX","HYBRID_F","2037",32.2741402344084
"ATX","HYBRID_F","2038",32.2374054429977
"ATX","HYBRID_F","2039",32.205593113636
"ATX","HYBRID_F","2040",32.1780436364088
"ATX","HYBRID_F","2041",32.15418578913
"ATX","HYBRID_F","2042",32.1335248933866
"ATX","HYBRID_F","2043",32.1156325576728
"ATX","HYBRID_F","2044",32.1001377949446
"ATX","HYBRID_F","2045",32.1
"ATX","HYBRID_F","2046",32.1
"ATX","HYBRID_F","2047",32.1
"ATX","HYBRID_F","2048",32.1
"ATX","HYBRID_F","2049",32.1
"ATX","HYBRID_F","2050",32.1
"ATX","H2V_F","2015",63.995
"ATX","H2V_F","2016",63.12467
"ATX","H2V_F","2017",62.37096422
"ATX","H2V_F","2018",61.71825501452
"ATX","H2V_F","2019",61.1530088425743
"ATX","H2V_F","2020",60.6635056576694
"ATX","H2V_F","2021",60.2395958995417
"ATX","H2V_F","2022",59.8724900490031
"ATX","H2V_F","2023",59.5545763824367
"ATX","H2V_F","2024",59.2792631471902
"ATX","H2V_F","2025",59.0408418854667
"ATX","H2V_F","2026",58.8343690728141
"ATX","H2V_F","2027",58.655563617057
"ATX","H2V_F","2028",58.5007180923714
"ATX","H2V_F","2029",58.3666218679936
"ATX","H2V_F","2030",58.2504945376825
"ATX","H2V_F","2031",58.149928269633
"ATX","H2V_F","2032",58.0628378815022
"ATX","H2V_F","2033",57.9874176053809
"ATX","H2V_F","2034",57.9221036462599
"ATX","H2V_F","2035",57.865541757661
"ATX","H2V_F","2036",57.8165591621345
"ATX","H2V_F","2037",57.7741402344084
"ATX","H2V_F","2038",57.7374054429977
"ATX","H2V_F","2039",57.705593113636
"ATX","H2V_F","2040",57.6780436364088
"ATX","H2V_F","2041",57.65418578913
"ATX","H2V_F","2042",57.6335248933866
"ATX","H2V_F","2043",57.6156325576728
"ATX","H2V_F","2044",57.6001377949446
"ATX","H2V_F","2045",57.6
"ATX","H2V_F","2046",57.6
"ATX","H2V_F","2047",57.6
"ATX","H2V_F","2048",57.6
"ATX","H2V_F","2049",57.6
"ATX","H2V_F","2050",57.6
"ATX","EV_F","2015",45.381
"ATX","EV_F","2016",43.48097
"ATX","EV_F","2017",41.72486422
"ATX","EV_F","2018",40.09635501452
"ATX","EV_F","2019",38.5811088425743
"ATX","EV_F","2020",37.1667056576694
"ATX","EV_F","2021",35.8423958995417
"ATX","EV_F","2022",34.5987900490031
"ATX","EV_F","2023",33.4275763824367
"ATX","EV_F","2024",32.3215631471902
"ATX","EV_F","2025",31.2743418854667
"ATX","EV_F","2026",30.2805690728141
"ATX","EV_F","2027",29.335363617057
"ATX","EV_F","2028",28.4343180923714
"ATX","EV_F","2029",27.5738218679936
"ATX","EV_F","2030",26.7504945376825
"ATX","EV_F","2031",26.631728269633
"ATX","EV_F","2032",26.5264378815022
"ATX","EV_F","2033",26.4328176053809
"ATX","EV_F","2034",26.3494036462599
"ATX","EV_F","2035",26.274641757661
"ATX","EV_F","2036",26.2075591621345
"ATX","EV_F","2037",26.1470402344085
"ATX","EV_F","2038",26.0922054429977
"ATX","EV_F","2039",26.042293113636
"ATX","EV_F","2040",25.9966436364088
"ATX","EV_F","2041",25.95468578913
"ATX","EV_F","2042",25.9159248933866
"ATX","EV_F","2043",25.8800325576728
"ATX","EV_F","2044",25.8465377949446
"ATX","EV_F","2045",25.8283
"ATX","EV_F","2046",25.8103
"ATX","EV_F","2047",25.7923
"ATX","EV_F","2048",25.7743
"ATX","EV_F","2049",25.7564
"ATX","EV_F","2050",25.7384
"ATX","ICE_PET_PUB","2015",300
"ATX","ICE_PET_PUB","2016",300
"ATX","ICE_PET_PUB","2017",300
"ATX","ICE_PET_PUB","2018",300
"ATX","ICE_PET_PUB","2019",300
"ATX","ICE_PET_PUB","2020",300
"ATX","ICE_PET_PUB","2021",300
"ATX","ICE_PET_PUB","2022",300
"ATX","ICE_PET_PUB","2023",300
"ATX","ICE_PET_PUB","2024",300
"ATX","ICE_PET_PUB","2025",300
"ATX","ICE_PET_PUB","2026",300
"ATX","ICE_PET_PUB","2027",300
"ATX","ICE_PET_PUB","2028",300
"ATX","ICE_PET_PUB","2029",300
"ATX","ICE_PET_PUB","2030",300
"ATX","ICE_PET_PUB","2031",300
"ATX","ICE_PET_PUB","2032",300
"ATX","ICE_PET_PUB","2033",300
"ATX","ICE_PET_PUB","2034",300
"ATX","ICE_PET_PUB","2035",300
"ATX","ICE_PET_PUB","2036",300
"ATX","ICE_PET_PUB","2037",300
"ATX","ICE_PET_PUB","2038",300
"ATX","ICE_PET_PUB","2039",300
"ATX","ICE_PET_PUB","2040",300
"ATX","ICE_PET_PUB","2041",300
"ATX","ICE_PET_PUB","2042",300
"ATX","ICE_PET_PUB","2043",300
"ATX","ICE_PET_PUB","2044",300
"ATX","ICE_PET_PUB","2045",300
"ATX","ICE_PET_PUB","2046",300
"ATX","ICE_PET_PUB","2047",300
"ATX","ICE_PET_PUB","2048",300
"ATX","ICE_PET_PUB","2049",300
"ATX","ICE_PET_PUB","2050",300
"ATX","ICE_DSL_PUB","2015",300
"ATX","ICE_DSL_PUB","2016",300
"ATX","ICE_DSL_PUB","2017",300
"ATX","ICE_DSL_PUB","2018",300
"ATX","ICE_DSL_PUB","2019",300
"ATX","ICE_DSL_PUB","2020",300
"ATX","ICE_DSL_PUB","2021",300
"ATX","ICE_DSL_PUB","2022",300
"ATX","ICE_DSL_PUB","2023",300
"ATX","ICE_DSL_PUB","2024",300
"ATX","ICE_DSL_PUB","2025",300
"ATX","ICE_DSL_PUB","2026",300
"ATX","ICE_DSL_PUB","2027",300
"ATX","ICE_DSL_PUB","2028",300
"ATX","ICE_DSL_PUB","2029",300
"ATX","ICE_DSL_PUB","2030",300
"ATX","ICE_DSL_PUB","2031",300
"ATX","ICE_DSL_PUB","2032",300
"ATX","ICE_DSL_PUB","2033",300
"ATX","ICE_DSL_PUB","2034",300
"ATX","ICE_DSL_PUB","2035",300
"ATX","ICE_DSL_PUB","2036",300
"ATX","ICE_DSL_PUB","2037",300
"ATX","ICE_DSL_PUB","2038",300
"ATX","ICE_DSL_PUB","2039",300
"ATX","ICE_DSL_PUB","2040",300
"ATX","ICE_DSL_PUB","2041",300
"ATX","ICE_DSL_PUB","2042",300
"ATX","ICE_DSL_PUB","2043",300
"ATX","ICE_DSL_PUB","2044",300
"ATX","ICE_DSL_PUB","2045",300
"ATX","ICE_DSL_PUB","2046",300
"ATX","ICE_DSL_PUB","2047",300
"ATX","ICE_DSL_PUB","2048",300
"ATX","ICE_DSL_PUB","2049",300
"ATX","ICE_DSL_PUB","2050",300
"ATX","CNG_PUB","2015",370
"ATX","CNG_PUB","2016",370
"ATX","CNG_PUB","2017",370
"ATX","CNG_PUB","2018",370
"ATX","CNG_PUB","2019",370
"ATX","CNG_PUB","2020",370
"ATX","CNG_PUB","2021",370
"ATX","CNG_PUB","2022",370
"ATX","CNG_PUB","2023",370
"ATX","CNG_PUB","2024",370
"ATX","CNG_PUB","2025",370
"ATX","CNG_PUB","2026",370
"ATX","CNG_PUB","2027",370
"ATX","CNG_PUB","2028",370
"ATX","CNG_PUB","2029",370
"ATX","CNG_PUB","2030",370
"ATX","CNG_PUB","2031",370
"ATX","CNG_PUB","2032",370
"ATX","CNG_PUB","2033",370
"ATX","CNG_PUB","2034",370
"ATX","CNG_PUB","2035",370
"ATX","CNG_PUB","2036",370
"ATX","CNG_PUB","2037",370
"ATX","CNG_PUB","2038",370
"ATX","CNG_PUB","2039",370
"ATX","CNG_PUB","2040",370
"ATX","CNG_PUB","2041",370
"ATX","CNG_PUB","2042",370
"ATX","CNG_PUB","2043",370
"ATX","CNG_PUB","2044",370
"ATX","CNG_PUB","2045",370
"ATX","CNG_PUB","2046",370
"ATX","CNG_PUB","2047",370
"ATX","CNG_PUB","2048",370
"ATX","CNG_PUB","2049",370
"ATX","CNG_PUB","2050",370
"ATX","EV_PUB","2015",600
"ATX","EV_PUB","2016",584.04
"ATX","EV_PUB","2017",568.504536
"ATX","EV_PUB","2018",553.3823153424
"ATX","EV_PUB","2019",538.662345754292
"ATX","EV_PUB","2020",524.333927357228
"ATX","EV_PUB","2021",510.386644889526
"ATX","EV_PUB","2022",496.810360135464
"ATX","EV_PUB","2023",483.595204555861
"ATX","EV_PUB","2024",470.731572114675
"ATX","EV_PUB","2025",458.210112296425
"ATX","EV_PUB","2026",446.02172330934
"ATX","EV_PUB","2027",434.157545469312
"ATX","EV_PUB","2028",422.608954759828
"ATX","EV_PUB","2029",411.367556563217
"ATX","EV_PUB","2030",400.425179558635
"ATX","EV_PUB","2031",389.773869782375
"ATX","EV_PUB","2032",379.405884846164
"ATX","EV_PUB","2033",369.313688309256
"ATX","EV_PUB","2034",359.48994420023
"ATX","EV_PUB","2035",349.927511684504
"ATX","EV_PUB","2036",340.619439873696
"ATX","EV_PUB","2037",331.558962773056
"ATX","EV_PUB","2038",322.739494363293
"ATX","EV_PUB","2039",314.154623813229
"ATX","EV_PUB","2040",305.798110819797
"ATX","EV_PUB","2041",297.66388107199
"ATX","EV_PUB","2042",289.746021835476
"ATX","EV_PUB","2043",282.038777654652
"ATX","EV_PUB","2044",274.536546169038
"ATX","EV_PUB","2045",267.233874040942
"ATX","EV_PUB","2046",260.125452991453
"ATX","EV_PUB","2047",253.20611594188
"ATX","EV_PUB","2048",246.470833257826
"ATX","EV_PUB","2049",239.914709093168
"ATX","EV_PUB","2050",233.53297783129
"ATX","PHEV_PUB","2015",600
"ATX","PHEV_PUB","2016",600
"ATX","PHEV_PUB","2017",600
"ATX","PHEV_PUB","2018",600
"ATX","PHEV_PUB","2019",600
"ATX","PHEV_PUB","2020",600
"ATX","PHEV_PUB","2021",600
"ATX","PHEV_PUB","2022",600
"ATX","PHEV_PUB","2023",600
"ATX","PHEV_PUB","2024",600
"ATX","PHEV_PUB","2025",600
"ATX","PHEV_PUB","2026",600
"ATX","PHEV_PUB","2027",600
"ATX","PHEV_PUB","2028",600
"ATX","PHEV_PUB","2029",600
"ATX","PHEV_PUB","2030",600
"ATX","PHEV_PUB","2031",600
"ATX","PHEV_PUB","2032",600
"ATX","PHEV_PUB","2033",600
"ATX","PHEV_PUB","2034",600
"ATX","PHEV_PUB","2035",600
"ATX","PHEV_PUB","2036",600
"ATX","PHEV_PUB","2037",600
"ATX","PHEV_PUB","2038",600
"ATX","PHEV_PUB","2039",600
"ATX","PHEV_PUB","2040",600
"ATX","PHEV_PUB","2041",600
"ATX","PHEV_PUB","2042",600
"ATX","PHEV_PUB","2043",600
"ATX","PHEV_PUB","2044",600
"ATX","PHEV_PUB","2045",600
"ATX","PHEV_PUB","2046",600
"ATX","PHEV_PUB","2047",600
"ATX","PHEV_PUB","2048",600
"ATX","PHEV_PUB","2049",600
"ATX","PHEV_PUB","2050",600
"ATX","HYBRID_PUB","2015",500
"ATX","HYBRID_PUB","2016",500
"ATX","HYBRID_PUB","2017",500
"ATX","HYBRID_PUB","2018",500
"ATX","HYBRID_PUB","2019",500
"ATX","HYBRID_PUB","2020",500
"ATX","HYBRID_PUB","2021",500
"ATX","HYBRID_PUB","2022",500
"ATX","HYBRID_PUB","2023",500
"ATX","HYBRID_PUB","2024",500
"ATX","HYBRID_PUB","2025",500
"ATX","HYBRID_PUB","2026",500
"ATX","HYBRID_PUB","2027",500
"ATX","HYBRID_PUB","2028",500
"ATX","HYBRID_PUB","2029",500
"ATX","HYBRID_PUB","2030",500
"ATX","HYBRID_PUB","2031",500
"ATX","HYBRID_PUB","2032",500
"ATX","HYBRID_PUB","2033",500
"ATX","HYBRID_PUB","2034",500
"ATX","HYBRID_PUB","2035",500
"ATX","HYBRID_PUB","2036",500
"ATX","HYBRID_PUB","2037",500
"ATX","HYBRID_PUB","2038",500
"ATX","HYBRID_PUB","2039",500
"ATX","HYBRID_PUB","2040",500
"ATX","HYBRID_PUB","2041",500
"ATX","HYBRID_PUB","2042",500
"ATX","HYBRID_PUB","2043",500
"ATX","HYBRID_PUB","2044",500
"ATX","HYBRID_PUB","2045",500
"ATX","HYBRID_PUB","2046",500
"ATX","HYBRID_PUB","2047",500
"ATX","HYBRID_PUB","2048",500
"ATX","HYBRID_PUB","2049",500
"ATX","HYBRID_PUB","2050",500
"ATX","BIO_DSL_PUB","2015",370
"ATX","BIO_DSL_PUB","2016",370
"ATX","BIO_DSL_PUB","2017",370
"ATX","BIO_DSL_PUB","2018",370
"ATX","BIO_DSL_PUB","2019",370
"ATX","BIO_DSL_PUB","2020",370
"ATX","BIO_DSL_PUB","2021",370
"ATX","BIO_DSL_PUB","2022",370
"ATX","BIO_DSL_PUB","2023",370
"ATX","BIO_DSL_PUB","2024",370
"ATX","BIO_DSL_PUB","2025",370
"ATX","BIO_DSL_PUB","2026",370
"ATX","BIO_DSL_PUB","2027",370
"ATX","BIO_DSL_PUB","2028",370
"ATX","BIO_DSL_PUB","2029",370
"ATX","BIO_DSL_PUB","2030",370
"ATX","BIO_DSL_PUB","2031",370
"ATX","BIO_DSL_PUB","2032",370
"ATX","BIO_DSL_PUB","2033",370
"ATX","BIO_DSL_PUB","2034",370
"ATX","BIO_DSL_PUB","2035",370
"ATX","BIO_DSL_PUB","2036",370
"ATX","BIO_DSL_PUB","2037",370
"ATX","BIO_DSL_PUB","2038",370
"ATX","BIO_DSL_PUB","2039",370
"ATX","BIO_DSL_PUB","2040",370
"ATX","BIO_DSL_PUB","2041",370
"ATX","BIO_DSL_PUB","2042",370
"ATX","BIO_DSL_PUB","2043",370
"ATX","BIO_DSL_PUB","2044",370
"ATX","BIO_DSL_PUB","2045",370
"ATX","BIO_DSL_PUB","2046",370
"ATX","BIO_DSL_PUB","2047",370
"ATX","BIO_DSL_PUB","2048",370
"ATX","BIO_DSL_PUB","2049",370
"ATX","BIO_DSL_PUB","2050",370
"ATX","ELCTROL","2015",4.101
"ATX","ELCTROL","2016",4.101
"ATX","ELCTROL","2017",4.101
"ATX","ELCTROL","2018",4.101
"ATX","ELCTROL","2019",4.101
"ATX","ELCTROL","2020",4.101
"ATX","ELCTROL","2021",4.101
"ATX","ELCTROL","2022",4.101
"ATX","ELCTROL","2023",4.101
"ATX","ELCTROL","2024",4.101
"ATX","ELCTROL","2025",4.101
"ATX","ELCTROL","2026",4.101
"ATX","ELCTROL","2027",4.101
"ATX","ELCTROL","2028",4.101
"ATX","ELCTROL","2029",4.101
"ATX","ELCTROL","2030",4.101
"ATX","ELCTROL","2031",4.101
"ATX","ELCTROL","2032",4.101
"ATX","ELCTROL","2033",4.101
"ATX","ELCTROL","2034",4.101
"ATX","ELCTROL","2035",4.101
"ATX","ELCTROL","2036",4.101
"ATX","ELCTROL","2037",4.101
"ATX","ELCTROL","2038",4.101
"ATX","ELCTROL","2039",4.101
"ATX","ELCTROL","2040",4.101
"ATX","ELCTROL","2041",4.101
"ATX","ELCTROL","2042",4.101
"ATX","ELCTROL","2043",4.101
"ATX","ELCTROL","2044",4.101
"ATX","ELCTROL","2045",4.101
"ATX","ELCTROL","2046",4.101
"ATX","ELCTROL","2047",4.101
"ATX","ELCTROL","2048",4.101
"ATX","ELCTROL","2049",4.101
"ATX","ELCTROL","2050",4.101
"ATX","GASREF","2015",1.82
"ATX","GASREF","2016",1.82
"ATX","GASREF","2017",1.82
"ATX","GASREF","2018",1.82
"ATX","GASREF","2019",1.82
"ATX","GASREF","2020",1.82
"ATX","GASREF","2021",1.82
"ATX","GASREF","2022",1.82
"ATX","GASREF","2023",1.82
"ATX","GASREF","2024",1.82
"ATX","GASREF","2025",1.82
"ATX","GASREF","2026",1.82
"ATX","GASREF","2027",1.82
"ATX","GASREF","2028",1.82
"ATX","GASREF","2029",1.82
"ATX","GASREF","2030",1.82
"ATX","GASREF","2031",1.82
"ATX","GASREF","2032",1.82
"ATX","GASREF","2033",1.82
"ATX","GASREF","2034",1.82
"ATX","GASREF","2035",1.82
"ATX","GASREF","2036",1.82
"ATX","GASREF","2037",1.82
"ATX","GASREF","2038",1.82
"ATX","GASREF","2039",1.82
"ATX","GASREF","2040",1.82
"ATX","GASREF","2041",1.82
"ATX","GASREF","2042",1.82
"ATX","GASREF","2043",1.82
"ATX","GASREF","2044",1.82
"ATX","GASREF","2045",1.82
"ATX","GASREF","2046",1.82
"ATX","GASREF","2047",1.82
"ATX","GASREF","2048",1.82
"ATX","GASREF","2049",1.82
"ATX","GASREF","2050",1.82
"ATX","BIOGAS","2015",2.767
"ATX","BIOGAS","2016",2.767
"ATX","BIOGAS","2017",2.767
"ATX","BIOGAS","2018",2.767
"ATX","BIOGAS","2019",2.767
"ATX","BIOGAS","2020",2.767
"ATX","BIOGAS","2021",2.767
"ATX","BIOGAS","2022",2.767
"ATX","BIOGAS","2023",2.767
"ATX","BIOGAS","2024",2.767
"ATX","BIOGAS","2025",2.767
"ATX","BIOGAS","2026",2.767
"ATX","BIOGAS","2027",2.767
"ATX","BIOGAS","2028",2.767
"ATX","BIOGAS","2029",2.767
"ATX","BIOGAS","2030",2.767
"ATX","BIOGAS","2031",2.767
"ATX","BIOGAS","2032",2.767
"ATX","BIOGAS","2033",2.767
"ATX","BIOGAS","2034",2.767
"ATX","BIOGAS","2035",2.767
"ATX","BIOGAS","2036",2.767
"ATX","BIOGAS","2037",2.767
"ATX","BIOGAS","2038",2.767
"ATX","BIOGAS","2039",2.767
"ATX","BIOGAS","2040",2.767
"ATX","BIOGAS","2041",2.767
"ATX","BIOGAS","2042",2.767
"ATX","BIOGAS","2043",2.767
"ATX","BIOGAS","2044",2.767
"ATX","BIOGAS","2045",2.767
"ATX","BIOGAS","2046",2.767
"ATX","BIOGAS","2047",2.767
"ATX","BIOGAS","2048",2.767
"ATX","BIOGAS","2049",2.767
"ATX","BIOGAS","2050",2.767
"ATX","COALGAS","2015",5.401
"ATX","COALGAS","2016",5.401
"ATX","COALGAS","2017",5.401
"ATX","COALGAS","2018",5.401
"ATX","COALGAS","2019",5.401
"ATX","COALGAS","2020",5.401
"ATX","COALGAS","2021",5.401
"ATX","COALGAS","2022",5.401
"ATX","COALGAS","2023",5.401
"ATX","COALGAS","2024",5.401
"ATX","COALGAS","2025",5.401
"ATX","COALGAS","2026",5.401
"ATX","COALGAS","2027",5.401
"ATX","COALGAS","2028",5.401
"ATX","COALGAS","2029",5.401
"ATX","COALGAS","2030",5.401
"ATX","COALGAS","2031",5.401
"ATX","COALGAS","2032",5.401
"ATX","COALGAS","2033",5.401
"ATX","COALGAS","2034",5.401
"ATX","COALGAS","2035",5.401
"ATX","COALGAS","2036",5.401
"ATX","COALGAS","2037",5.401
"ATX","COALGAS","2038",5.401
"ATX","COALGAS","2039",5.401
"ATX","COALGAS","2040",5.401
"ATX","COALGAS","2041",5.401
"ATX","COALGAS","2042",5.401
"ATX","COALGAS","2043",5.401
"ATX","COALGAS","2044",5.401
"ATX","COALGAS","2045",5.401
"ATX","COALGAS","2046",5.401
"ATX","COALGAS","2047",5.401
"ATX","COALGAS","2048",5.401
"ATX","COALGAS","2049",5.401
"ATX","COALGAS","2050",5.401
