"REGION","TECHNOLOGY","EMISSION","MODE_OF_OPERATION","YEAR","Val"
"ATX","COALPP","CO2","1","2015",0.211113
"ATX","COALPP","CO2","1","2016",0.211113
"ATX","COALPP","CO2","1","2017",0.211113
"ATX","COALPP","CO2","1","2018",0.211113
"ATX","COALPP","CO2","1","2019",0.211113
"ATX","COALPP","CO2","1","2020",0.211113
"ATX","COALPP","CO2","1","2021",0.211113
"ATX","COALPP","CO2","1","2022",0.211113
"ATX","COALPP","CO2","1","2023",0.211113
"ATX","COALPP","CO2","1","2024",0.211113
"ATX","COALPP","CO2","1","2025",0.211113
"ATX","COALPP","CO2","1","2026",0.211113
"ATX","COALPP","CO2","1","2027",0.211113
"ATX","COALPP","CO2","1","2028",0.211113
"ATX","COALPP","CO2","1","2029",0.211113
"ATX","COALPP","CO2","1","2030",0.211113
"ATX","COALPP","CO2","1","2031",0.211113
"ATX","COALPP","CO2","1","2032",0.211113
"ATX","COALPP","CO2","1","2033",0.211113
"ATX","COALPP","CO2","1","2034",0.211113
"ATX","COALPP","CO2","1","2035",0.211113
"ATX","COALPP","CO2","1","2036",0.211113
"ATX","COALPP","CO2","1","2037",0.211113
"ATX","COALPP","CO2","1","2038",0.211113
"ATX","COALPP","CO2","1","2039",0.211113
"ATX","COALPP","CO2","1","2040",0.211113
"ATX","COALPP","CO2","1","2041",0.211113
"ATX","COALPP","CO2","1","2042",0.211113
"ATX","COALPP","CO2","1","2043",0.211113
"ATX","COALPP","CO2","1","2044",0.211113
"ATX","COALPP","CO2","1","2045",0.211113
"ATX","COALPP","CO2","1","2046",0.211113
"ATX","COALPP","CO2","1","2047",0.211113
"ATX","COALPP","CO2","1","2048",0.211113
"ATX","COALPP","CO2","1","2049",0.211113
"ATX","COALPP","CO2","1","2050",0.211113
"ATX","CCPP","CO2","1","2015",0.102779
"ATX","CCPP","CO2","1","2016",0.102779
"ATX","CCPP","CO2","1","2017",0.102779
"ATX","CCPP","CO2","1","2018",0.102779
"ATX","CCPP","CO2","1","2019",0.102779
"ATX","CCPP","CO2","1","2020",0.102779
"ATX","CCPP","CO2","1","2021",0.102779
"ATX","CCPP","CO2","1","2022",0.102779
"ATX","CCPP","CO2","1","2023",0.102779
"ATX","CCPP","CO2","1","2024",0.102779
"ATX","CCPP","CO2","1","2025",0.102779
"ATX","CCPP","CO2","1","2026",0.102779
"ATX","CCPP","CO2","1","2027",0.102779
"ATX","CCPP","CO2","1","2028",0.102779
"ATX","CCPP","CO2","1","2029",0.102779
"ATX","CCPP","CO2","1","2030",0.102779
"ATX","CCPP","CO2","1","2031",0.102779
"ATX","CCPP","CO2","1","2032",0.102779
"ATX","CCPP","CO2","1","2033",0.102779
"ATX","CCPP","CO2","1","2034",0.102779
"ATX","CCPP","CO2","1","2035",0.102779
"ATX","CCPP","CO2","1","2036",0.102779
"ATX","CCPP","CO2","1","2037",0.102779
"ATX","CCPP","CO2","1","2038",0.102779
"ATX","CCPP","CO2","1","2039",0.102779
"ATX","CCPP","CO2","1","2040",0.102779
"ATX","CCPP","CO2","1","2041",0.102779
"ATX","CCPP","CO2","1","2042",0.102779
"ATX","CCPP","CO2","1","2043",0.102779
"ATX","CCPP","CO2","1","2044",0.102779
"ATX","CCPP","CO2","1","2045",0.102779
"ATX","CCPP","CO2","1","2046",0.102779
"ATX","CCPP","CO2","1","2047",0.102779
"ATX","CCPP","CO2","1","2048",0.102779
"ATX","CCPP","CO2","1","2049",0.102779
"ATX","CCPP","CO2","1","2050",0.102779
"ATX","CTPP","CO2","1","2015",0.134168
"ATX","CTPP","CO2","1","2016",0.134168
"ATX","CTPP","CO2","1","2017",0.134168
"ATX","CTPP","CO2","1","2018",0.134168
"ATX","CTPP","CO2","1","2019",0.134168
"ATX","CTPP","CO2","1","2020",0.134168
"ATX","CTPP","CO2","1","2021",0.134168
"ATX","CTPP","CO2","1","2022",0.134168
"ATX","CTPP","CO2","1","2023",0.134168
"ATX","CTPP","CO2","1","2024",0.134168
"ATX","CTPP","CO2","1","2025",0.134168
"ATX","CTPP","CO2","1","2026",0.134168
"ATX","CTPP","CO2","1","2027",0.134168
"ATX","CTPP","CO2","1","2028",0.134168
"ATX","CTPP","CO2","1","2029",0.134168
"ATX","CTPP","CO2","1","2030",0.134168
"ATX","CTPP","CO2","1","2031",0.134168
"ATX","CTPP","CO2","1","2032",0.134168
"ATX","CTPP","CO2","1","2033",0.134168
"ATX","CTPP","CO2","1","2034",0.134168
"ATX","CTPP","CO2","1","2035",0.134168
"ATX","CTPP","CO2","1","2036",0.134168
"ATX","CTPP","CO2","1","2037",0.134168
"ATX","CTPP","CO2","1","2038",0.134168
"ATX","CTPP","CO2","1","2039",0.134168
"ATX","CTPP","CO2","1","2040",0.134168
"ATX","CTPP","CO2","1","2041",0.134168
"ATX","CTPP","CO2","1","2042",0.134168
"ATX","CTPP","CO2","1","2043",0.134168
"ATX","CTPP","CO2","1","2044",0.134168
"ATX","CTPP","CO2","1","2045",0.134168
"ATX","CTPP","CO2","1","2046",0.134168
"ATX","CTPP","CO2","1","2047",0.134168
"ATX","CTPP","CO2","1","2048",0.134168
"ATX","CTPP","CO2","1","2049",0.134168
"ATX","CTPP","CO2","1","2050",0.134168
"ATX","BIOPP","CO2","1","2015",0.063889
"ATX","BIOPP","CO2","1","2016",0.063889
"ATX","BIOPP","CO2","1","2017",0.063889
"ATX","BIOPP","CO2","1","2018",0.063889
"ATX","BIOPP","CO2","1","2019",0.063889
"ATX","BIOPP","CO2","1","2020",0.063889
"ATX","BIOPP","CO2","1","2021",0.063889
"ATX","BIOPP","CO2","1","2022",0.063889
"ATX","BIOPP","CO2","1","2023",0.063889
"ATX","BIOPP","CO2","1","2024",0.063889
"ATX","BIOPP","CO2","1","2025",0.063889
"ATX","BIOPP","CO2","1","2026",0.063889
"ATX","BIOPP","CO2","1","2027",0.063889
"ATX","BIOPP","CO2","1","2028",0.063889
"ATX","BIOPP","CO2","1","2029",0.063889
"ATX","BIOPP","CO2","1","2030",0.063889
"ATX","BIOPP","CO2","1","2031",0.063889
"ATX","BIOPP","CO2","1","2032",0.063889
"ATX","BIOPP","CO2","1","2033",0.063889
"ATX","BIOPP","CO2","1","2034",0.063889
"ATX","BIOPP","CO2","1","2035",0.063889
"ATX","BIOPP","CO2","1","2036",0.063889
"ATX","BIOPP","CO2","1","2037",0.063889
"ATX","BIOPP","CO2","1","2038",0.063889
"ATX","BIOPP","CO2","1","2039",0.063889
"ATX","BIOPP","CO2","1","2040",0.063889
"ATX","BIOPP","CO2","1","2041",0.063889
"ATX","BIOPP","CO2","1","2042",0.063889
"ATX","BIOPP","CO2","1","2043",0.063889
"ATX","BIOPP","CO2","1","2044",0.063889
"ATX","BIOPP","CO2","1","2045",0.063889
"ATX","BIOPP","CO2","1","2046",0.063889
"ATX","BIOPP","CO2","1","2047",0.063889
"ATX","BIOPP","CO2","1","2048",0.063889
"ATX","BIOPP","CO2","1","2049",0.063889
"ATX","BIOPP","CO2","1","2050",0.063889
"ATX","CCCCSPP","CO2","1","2015",0.047223
"ATX","CCCCSPP","CO2","1","2016",0.047223
"ATX","CCCCSPP","CO2","1","2017",0.047223
"ATX","CCCCSPP","CO2","1","2018",0.047223
"ATX","CCCCSPP","CO2","1","2019",0.047223
"ATX","CCCCSPP","CO2","1","2020",0.047223
"ATX","CCCCSPP","CO2","1","2021",0.047223
"ATX","CCCCSPP","CO2","1","2022",0.047223
"ATX","CCCCSPP","CO2","1","2023",0.047223
"ATX","CCCCSPP","CO2","1","2024",0.047223
"ATX","CCCCSPP","CO2","1","2025",0.047223
"ATX","CCCCSPP","CO2","1","2026",0.047223
"ATX","CCCCSPP","CO2","1","2027",0.047223
"ATX","CCCCSPP","CO2","1","2028",0.047223
"ATX","CCCCSPP","CO2","1","2029",0.047223
"ATX","CCCCSPP","CO2","1","2030",0.047223
"ATX","CCCCSPP","CO2","1","2031",0.047223
"ATX","CCCCSPP","CO2","1","2032",0.047223
"ATX","CCCCSPP","CO2","1","2033",0.047223
"ATX","CCCCSPP","CO2","1","2034",0.047223
"ATX","CCCCSPP","CO2","1","2035",0.047223
"ATX","CCCCSPP","CO2","1","2036",0.047223
"ATX","CCCCSPP","CO2","1","2037",0.047223
"ATX","CCCCSPP","CO2","1","2038",0.047223
"ATX","CCCCSPP","CO2","1","2039",0.047223
"ATX","CCCCSPP","CO2","1","2040",0.047223
"ATX","CCCCSPP","CO2","1","2041",0.047223
"ATX","CCCCSPP","CO2","1","2042",0.047223
"ATX","CCCCSPP","CO2","1","2043",0.047223
"ATX","CCCCSPP","CO2","1","2044",0.047223
"ATX","CCCCSPP","CO2","1","2045",0.047223
"ATX","CCCCSPP","CO2","1","2046",0.047223
"ATX","CCCCSPP","CO2","1","2047",0.047223
"ATX","CCCCSPP","CO2","1","2048",0.047223
"ATX","CCCCSPP","CO2","1","2049",0.047223
"ATX","CCCCSPP","CO2","1","2050",0.047223
"ATX","IGCCCCSPP","CO2","1","2015",0.055556
"ATX","IGCCCCSPP","CO2","1","2016",0.055556
"ATX","IGCCCCSPP","CO2","1","2017",0.055556
"ATX","IGCCCCSPP","CO2","1","2018",0.055556
"ATX","IGCCCCSPP","CO2","1","2019",0.055556
"ATX","IGCCCCSPP","CO2","1","2020",0.055556
"ATX","IGCCCCSPP","CO2","1","2021",0.055556
"ATX","IGCCCCSPP","CO2","1","2022",0.055556
"ATX","IGCCCCSPP","CO2","1","2023",0.055556
"ATX","IGCCCCSPP","CO2","1","2024",0.055556
"ATX","IGCCCCSPP","CO2","1","2025",0.055556
"ATX","IGCCCCSPP","CO2","1","2026",0.055556
"ATX","IGCCCCSPP","CO2","1","2027",0.055556
"ATX","IGCCCCSPP","CO2","1","2028",0.055556
"ATX","IGCCCCSPP","CO2","1","2029",0.055556
"ATX","IGCCCCSPP","CO2","1","2030",0.055556
"ATX","IGCCCCSPP","CO2","1","2031",0.055556
"ATX","IGCCCCSPP","CO2","1","2032",0.055556
"ATX","IGCCCCSPP","CO2","1","2033",0.055556
"ATX","IGCCCCSPP","CO2","1","2034",0.055556
"ATX","IGCCCCSPP","CO2","1","2035",0.055556
"ATX","IGCCCCSPP","CO2","1","2036",0.055556
"ATX","IGCCCCSPP","CO2","1","2037",0.055556
"ATX","IGCCCCSPP","CO2","1","2038",0.055556
"ATX","IGCCCCSPP","CO2","1","2039",0.055556
"ATX","IGCCCCSPP","CO2","1","2040",0.055556
"ATX","IGCCCCSPP","CO2","1","2041",0.055556
"ATX","IGCCCCSPP","CO2","1","2042",0.055556
"ATX","IGCCCCSPP","CO2","1","2043",0.055556
"ATX","IGCCCCSPP","CO2","1","2044",0.055556
"ATX","IGCCCCSPP","CO2","1","2045",0.055556
"ATX","IGCCCCSPP","CO2","1","2046",0.055556
"ATX","IGCCCCSPP","CO2","1","2047",0.055556
"ATX","IGCCCCSPP","CO2","1","2048",0.055556
"ATX","IGCCCCSPP","CO2","1","2049",0.055556
"ATX","IGCCCCSPP","CO2","1","2050",0.055556
"ATX","ICE_PET","CO2","1","2015",0.000293
"ATX","ICE_PET","CO2","1","2016",0.000293
"ATX","ICE_PET","CO2","1","2017",0.000293
"ATX","ICE_PET","CO2","1","2018",0.000293
"ATX","ICE_PET","CO2","1","2019",0.000293
"ATX","ICE_PET","CO2","1","2020",0.000293
"ATX","ICE_PET","CO2","1","2021",0.000293
"ATX","ICE_PET","CO2","1","2022",0.000293
"ATX","ICE_PET","CO2","1","2023",0.000293
"ATX","ICE_PET","CO2","1","2024",0.000293
"ATX","ICE_PET","CO2","1","2025",0.000293
"ATX","ICE_PET","CO2","1","2026",0.000293
"ATX","ICE_PET","CO2","1","2027",0.000293
"ATX","ICE_PET","CO2","1","2028",0.000293
"ATX","ICE_PET","CO2","1","2029",0.000293
"ATX","ICE_PET","CO2","1","2030",0.000293
"ATX","ICE_PET","CO2","1","2031",0.000293
"ATX","ICE_PET","CO2","1","2032",0.000293
"ATX","ICE_PET","CO2","1","2033",0.000293
"ATX","ICE_PET","CO2","1","2034",0.000293
"ATX","ICE_PET","CO2","1","2035",0.000293
"ATX","ICE_PET","CO2","1","2036",0.000293
"ATX","ICE_PET","CO2","1","2037",0.000293
"ATX","ICE_PET","CO2","1","2038",0.000293
"ATX","ICE_PET","CO2","1","2039",0.000293
"ATX","ICE_PET","CO2","1","2040",0.000293
"ATX","ICE_PET","CO2","1","2041",0.000293
"ATX","ICE_PET","CO2","1","2042",0.000293
"ATX","ICE_PET","CO2","1","2043",0.000293
"ATX","ICE_PET","CO2","1","2044",0.000293
"ATX","ICE_PET","CO2","1","2045",0.000293
"ATX","ICE_PET","CO2","1","2046",0.000293
"ATX","ICE_PET","CO2","1","2047",0.000293
"ATX","ICE_PET","CO2","1","2048",0.000293
"ATX","ICE_PET","CO2","1","2049",0.000293
"ATX","ICE_PET","CO2","1","2050",0.000293
"ATX","ICE_DSL","CO2","1","2015",0.000276
"ATX","ICE_DSL","CO2","1","2016",0.000276
"ATX","ICE_DSL","CO2","1","2017",0.000276
"ATX","ICE_DSL","CO2","1","2018",0.000276
"ATX","ICE_DSL","CO2","1","2019",0.000276
"ATX","ICE_DSL","CO2","1","2020",0.000276
"ATX","ICE_DSL","CO2","1","2021",0.000276
"ATX","ICE_DSL","CO2","1","2022",0.000276
"ATX","ICE_DSL","CO2","1","2023",0.000276
"ATX","ICE_DSL","CO2","1","2024",0.000276
"ATX","ICE_DSL","CO2","1","2025",0.000276
"ATX","ICE_DSL","CO2","1","2026",0.000276
"ATX","ICE_DSL","CO2","1","2027",0.000276
"ATX","ICE_DSL","CO2","1","2028",0.000276
"ATX","ICE_DSL","CO2","1","2029",0.000276
"ATX","ICE_DSL","CO2","1","2030",0.000276
"ATX","ICE_DSL","CO2","1","2031",0.000276
"ATX","ICE_DSL","CO2","1","2032",0.000276
"ATX","ICE_DSL","CO2","1","2033",0.000276
"ATX","ICE_DSL","CO2","1","2034",0.000276
"ATX","ICE_DSL","CO2","1","2035",0.000276
"ATX","ICE_DSL","CO2","1","2036",0.000276
"ATX","ICE_DSL","CO2","1","2037",0.000276
"ATX","ICE_DSL","CO2","1","2038",0.000276
"ATX","ICE_DSL","CO2","1","2039",0.000276
"ATX","ICE_DSL","CO2","1","2040",0.000276
"ATX","ICE_DSL","CO2","1","2041",0.000276
"ATX","ICE_DSL","CO2","1","2042",0.000276
"ATX","ICE_DSL","CO2","1","2043",0.000276
"ATX","ICE_DSL","CO2","1","2044",0.000276
"ATX","ICE_DSL","CO2","1","2045",0.000276
"ATX","ICE_DSL","CO2","1","2046",0.000276
"ATX","ICE_DSL","CO2","1","2047",0.000276
"ATX","ICE_DSL","CO2","1","2048",0.000276
"ATX","ICE_DSL","CO2","1","2049",0.000276
"ATX","ICE_DSL","CO2","1","2050",0.000276
"ATX","PHEV","CO2","1","2015",0.000104
"ATX","PHEV","CO2","1","2016",0.000104
"ATX","PHEV","CO2","1","2017",0.000104
"ATX","PHEV","CO2","1","2018",0.000104
"ATX","PHEV","CO2","1","2019",0.000104
"ATX","PHEV","CO2","1","2020",0.000104
"ATX","PHEV","CO2","1","2021",0.000104
"ATX","PHEV","CO2","1","2022",0.000104
"ATX","PHEV","CO2","1","2023",0.000104
"ATX","PHEV","CO2","1","2024",0.000104
"ATX","PHEV","CO2","1","2025",0.000104
"ATX","PHEV","CO2","1","2026",0.000104
"ATX","PHEV","CO2","1","2027",0.000104
"ATX","PHEV","CO2","1","2028",0.000104
"ATX","PHEV","CO2","1","2029",0.000104
"ATX","PHEV","CO2","1","2030",0.000104
"ATX","PHEV","CO2","1","2031",0.000104
"ATX","PHEV","CO2","1","2032",0.000104
"ATX","PHEV","CO2","1","2033",0.000104
"ATX","PHEV","CO2","1","2034",0.000104
"ATX","PHEV","CO2","1","2035",0.000104
"ATX","PHEV","CO2","1","2036",0.000104
"ATX","PHEV","CO2","1","2037",0.000104
"ATX","PHEV","CO2","1","2038",0.000104
"ATX","PHEV","CO2","1","2039",0.000104
"ATX","PHEV","CO2","1","2040",0.000104
"ATX","PHEV","CO2","1","2041",0.000104
"ATX","PHEV","CO2","1","2042",0.000104
"ATX","PHEV","CO2","1","2043",0.000104
"ATX","PHEV","CO2","1","2044",0.000104
"ATX","PHEV","CO2","1","2045",0.000104
"ATX","PHEV","CO2","1","2046",0.000104
"ATX","PHEV","CO2","1","2047",0.000104
"ATX","PHEV","CO2","1","2048",0.000104
"ATX","PHEV","CO2","1","2049",0.000104
"ATX","PHEV","CO2","1","2050",0.000104
"ATX","HYBRID","CO2","1","2015",0.000194
"ATX","HYBRID","CO2","1","2016",0.000194
"ATX","HYBRID","CO2","1","2017",0.000194
"ATX","HYBRID","CO2","1","2018",0.000194
"ATX","HYBRID","CO2","1","2019",0.000194
"ATX","HYBRID","CO2","1","2020",0.000194
"ATX","HYBRID","CO2","1","2021",0.000194
"ATX","HYBRID","CO2","1","2022",0.000194
"ATX","HYBRID","CO2","1","2023",0.000194
"ATX","HYBRID","CO2","1","2024",0.000194
"ATX","HYBRID","CO2","1","2025",0.000194
"ATX","HYBRID","CO2","1","2026",0.000194
"ATX","HYBRID","CO2","1","2027",0.000194
"ATX","HYBRID","CO2","1","2028",0.000194
"ATX","HYBRID","CO2","1","2029",0.000194
"ATX","HYBRID","CO2","1","2030",0.000194
"ATX","HYBRID","CO2","1","2031",0.000194
"ATX","HYBRID","CO2","1","2032",0.000194
"ATX","HYBRID","CO2","1","2033",0.000194
"ATX","HYBRID","CO2","1","2034",0.000194
"ATX","HYBRID","CO2","1","2035",0.000194
"ATX","HYBRID","CO2","1","2036",0.000194
"ATX","HYBRID","CO2","1","2037",0.000194
"ATX","HYBRID","CO2","1","2038",0.000194
"ATX","HYBRID","CO2","1","2039",0.000194
"ATX","HYBRID","CO2","1","2040",0.000194
"ATX","HYBRID","CO2","1","2041",0.000194
"ATX","HYBRID","CO2","1","2042",0.000194
"ATX","HYBRID","CO2","1","2043",0.000194
"ATX","HYBRID","CO2","1","2044",0.000194
"ATX","HYBRID","CO2","1","2045",0.000194
"ATX","HYBRID","CO2","1","2046",0.000194
"ATX","HYBRID","CO2","1","2047",0.000194
"ATX","HYBRID","CO2","1","2048",0.000194
"ATX","HYBRID","CO2","1","2049",0.000194
"ATX","HYBRID","CO2","1","2050",0.000194
"ATX","ICE_PET_F","CO2","1","2015",0.000293
"ATX","ICE_PET_F","CO2","1","2016",0.000293
"ATX","ICE_PET_F","CO2","1","2017",0.000293
"ATX","ICE_PET_F","CO2","1","2018",0.000293
"ATX","ICE_PET_F","CO2","1","2019",0.000293
"ATX","ICE_PET_F","CO2","1","2020",0.000293
"ATX","ICE_PET_F","CO2","1","2021",0.000293
"ATX","ICE_PET_F","CO2","1","2022",0.000293
"ATX","ICE_PET_F","CO2","1","2023",0.000293
"ATX","ICE_PET_F","CO2","1","2024",0.000293
"ATX","ICE_PET_F","CO2","1","2025",0.000293
"ATX","ICE_PET_F","CO2","1","2026",0.000293
"ATX","ICE_PET_F","CO2","1","2027",0.000293
"ATX","ICE_PET_F","CO2","1","2028",0.000293
"ATX","ICE_PET_F","CO2","1","2029",0.000293
"ATX","ICE_PET_F","CO2","1","2030",0.000293
"ATX","ICE_PET_F","CO2","1","2031",0.000293
"ATX","ICE_PET_F","CO2","1","2032",0.000293
"ATX","ICE_PET_F","CO2","1","2033",0.000293
"ATX","ICE_PET_F","CO2","1","2034",0.000293
"ATX","ICE_PET_F","CO2","1","2035",0.000293
"ATX","ICE_PET_F","CO2","1","2036",0.000293
"ATX","ICE_PET_F","CO2","1","2037",0.000293
"ATX","ICE_PET_F","CO2","1","2038",0.000293
"ATX","ICE_PET_F","CO2","1","2039",0.000293
"ATX","ICE_PET_F","CO2","1","2040",0.000293
"ATX","ICE_PET_F","CO2","1","2041",0.000293
"ATX","ICE_PET_F","CO2","1","2042",0.000293
"ATX","ICE_PET_F","CO2","1","2043",0.000293
"ATX","ICE_PET_F","CO2","1","2044",0.000293
"ATX","ICE_PET_F","CO2","1","2045",0.000293
"ATX","ICE_PET_F","CO2","1","2046",0.000293
"ATX","ICE_PET_F","CO2","1","2047",0.000293
"ATX","ICE_PET_F","CO2","1","2048",0.000293
"ATX","ICE_PET_F","CO2","1","2049",0.000293
"ATX","ICE_PET_F","CO2","1","2050",0.000293
"ATX","ICE_DSL_F","CO2","1","2015",0.000276
"ATX","ICE_DSL_F","CO2","1","2016",0.000276
"ATX","ICE_DSL_F","CO2","1","2017",0.000276
"ATX","ICE_DSL_F","CO2","1","2018",0.000276
"ATX","ICE_DSL_F","CO2","1","2019",0.000276
"ATX","ICE_DSL_F","CO2","1","2020",0.000276
"ATX","ICE_DSL_F","CO2","1","2021",0.000276
"ATX","ICE_DSL_F","CO2","1","2022",0.000276
"ATX","ICE_DSL_F","CO2","1","2023",0.000276
"ATX","ICE_DSL_F","CO2","1","2024",0.000276
"ATX","ICE_DSL_F","CO2","1","2025",0.000276
"ATX","ICE_DSL_F","CO2","1","2026",0.000276
"ATX","ICE_DSL_F","CO2","1","2027",0.000276
"ATX","ICE_DSL_F","CO2","1","2028",0.000276
"ATX","ICE_DSL_F","CO2","1","2029",0.000276
"ATX","ICE_DSL_F","CO2","1","2030",0.000276
"ATX","ICE_DSL_F","CO2","1","2031",0.000276
"ATX","ICE_DSL_F","CO2","1","2032",0.000276
"ATX","ICE_DSL_F","CO2","1","2033",0.000276
"ATX","ICE_DSL_F","CO2","1","2034",0.000276
"ATX","ICE_DSL_F","CO2","1","2035",0.000276
"ATX","ICE_DSL_F","CO2","1","2036",0.000276
"ATX","ICE_DSL_F","CO2","1","2037",0.000276
"ATX","ICE_DSL_F","CO2","1","2038",0.000276
"ATX","ICE_DSL_F","CO2","1","2039",0.000276
"ATX","ICE_DSL_F","CO2","1","2040",0.000276
"ATX","ICE_DSL_F","CO2","1","2041",0.000276
"ATX","ICE_DSL_F","CO2","1","2042",0.000276
"ATX","ICE_DSL_F","CO2","1","2043",0.000276
"ATX","ICE_DSL_F","CO2","1","2044",0.000276
"ATX","ICE_DSL_F","CO2","1","2045",0.000276
"ATX","ICE_DSL_F","CO2","1","2046",0.000276
"ATX","ICE_DSL_F","CO2","1","2047",0.000276
"ATX","ICE_DSL_F","CO2","1","2048",0.000276
"ATX","ICE_DSL_F","CO2","1","2049",0.000276
"ATX","ICE_DSL_F","CO2","1","2050",0.000276
"ATX","PHEV_F","CO2","1","2015",0.000104
"ATX","PHEV_F","CO2","1","2016",0.000104
"ATX","PHEV_F","CO2","1","2017",0.000104
"ATX","PHEV_F","CO2","1","2018",0.000104
"ATX","PHEV_F","CO2","1","2019",0.000104
"ATX","PHEV_F","CO2","1","2020",0.000104
"ATX","PHEV_F","CO2","1","2021",0.000104
"ATX","PHEV_F","CO2","1","2022",0.000104
"ATX","PHEV_F","CO2","1","2023",0.000104
"ATX","PHEV_F","CO2","1","2024",0.000104
"ATX","PHEV_F","CO2","1","2025",0.000104
"ATX","PHEV_F","CO2","1","2026",0.000104
"ATX","PHEV_F","CO2","1","2027",0.000104
"ATX","PHEV_F","CO2","1","2028",0.000104
"ATX","PHEV_F","CO2","1","2029",0.000104
"ATX","PHEV_F","CO2","1","2030",0.000104
"ATX","PHEV_F","CO2","1","2031",0.000104
"ATX","PHEV_F","CO2","1","2032",0.000104
"ATX","PHEV_F","CO2","1","2033",0.000104
"ATX","PHEV_F","CO2","1","2034",0.000104
"ATX","PHEV_F","CO2","1","2035",0.000104
"ATX","PHEV_F","CO2","1","2036",0.000104
"ATX","PHEV_F","CO2","1","2037",0.000104
"ATX","PHEV_F","CO2","1","2038",0.000104
"ATX","PHEV_F","CO2","1","2039",0.000104
"ATX","PHEV_F","CO2","1","2040",0.000104
"ATX","PHEV_F","CO2","1","2041",0.000104
"ATX","PHEV_F","CO2","1","2042",0.000104
"ATX","PHEV_F","CO2","1","2043",0.000104
"ATX","PHEV_F","CO2","1","2044",0.000104
"ATX","PHEV_F","CO2","1","2045",0.000104
"ATX","PHEV_F","CO2","1","2046",0.000104
"ATX","PHEV_F","CO2","1","2047",0.000104
"ATX","PHEV_F","CO2","1","2048",0.000104
"ATX","PHEV_F","CO2","1","2049",0.000104
"ATX","PHEV_F","CO2","1","2050",0.000104
"ATX","HYBRID_F","CO2","1","2015",0.000194
"ATX","HYBRID_F","CO2","1","2016",0.000194
"ATX","HYBRID_F","CO2","1","2017",0.000194
"ATX","HYBRID_F","CO2","1","2018",0.000194
"ATX","HYBRID_F","CO2","1","2019",0.000194
"ATX","HYBRID_F","CO2","1","2020",0.000194
"ATX","HYBRID_F","CO2","1","2021",0.000194
"ATX","HYBRID_F","CO2","1","2022",0.000194
"ATX","HYBRID_F","CO2","1","2023",0.000194
"ATX","HYBRID_F","CO2","1","2024",0.000194
"ATX","HYBRID_F","CO2","1","2025",0.000194
"ATX","HYBRID_F","CO2","1","2026",0.000194
"ATX","HYBRID_F","CO2","1","2027",0.000194
"ATX","HYBRID_F","CO2","1","2028",0.000194
"ATX","HYBRID_F","CO2","1","2029",0.000194
"ATX","HYBRID_F","CO2","1","2030",0.000194
"ATX","HYBRID_F","CO2","1","2031",0.000194
"ATX","HYBRID_F","CO2","1","2032",0.000194
"ATX","HYBRID_F","CO2","1","2033",0.000194
"ATX","HYBRID_F","CO2","1","2034",0.000194
"ATX","HYBRID_F","CO2","1","2035",0.000194
"ATX","HYBRID_F","CO2","1","2036",0.000194
"ATX","HYBRID_F","CO2","1","2037",0.000194
"ATX","HYBRID_F","CO2","1","2038",0.000194
"ATX","HYBRID_F","CO2","1","2039",0.000194
"ATX","HYBRID_F","CO2","1","2040",0.000194
"ATX","HYBRID_F","CO2","1","2041",0.000194
"ATX","HYBRID_F","CO2","1","2042",0.000194
"ATX","HYBRID_F","CO2","1","2043",0.000194
"ATX","HYBRID_F","CO2","1","2044",0.000194
"ATX","HYBRID_F","CO2","1","2045",0.000194
"ATX","HYBRID_F","CO2","1","2046",0.000194
"ATX","HYBRID_F","CO2","1","2047",0.000194
"ATX","HYBRID_F","CO2","1","2048",0.000194
"ATX","HYBRID_F","CO2","1","2049",0.000194
"ATX","HYBRID_F","CO2","1","2050",0.000194
"ATX","ICE_PET_PUB","CO2","1","2015",1.953333E-5
"ATX","ICE_PET_PUB","CO2","1","2016",1.953333E-5
"ATX","ICE_PET_PUB","CO2","1","2017",1.953333E-5
"ATX","ICE_PET_PUB","CO2","1","2018",1.953333E-5
"ATX","ICE_PET_PUB","CO2","1","2019",1.953333E-5
"ATX","ICE_PET_PUB","CO2","1","2020",1.953333E-5
"ATX","ICE_PET_PUB","CO2","1","2021",1.953333E-5
"ATX","ICE_PET_PUB","CO2","1","2022",1.953333E-5
"ATX","ICE_PET_PUB","CO2","1","2023",1.953333E-5
"ATX","ICE_PET_PUB","CO2","1","2024",1.953333E-5
"ATX","ICE_PET_PUB","CO2","1","2025",1.953333E-5
"ATX","ICE_PET_PUB","CO2","1","2026",1.953333E-5
"ATX","ICE_PET_PUB","CO2","1","2027",1.953333E-5
"ATX","ICE_PET_PUB","CO2","1","2028",1.953333E-5
"ATX","ICE_PET_PUB","CO2","1","2029",1.953333E-5
"ATX","ICE_PET_PUB","CO2","1","2030",1.953333E-5
"ATX","ICE_PET_PUB","CO2","1","2031",1.953333E-5
"ATX","ICE_PET_PUB","CO2","1","2032",1.953333E-5
"ATX","ICE_PET_PUB","CO2","1","2033",1.953333E-5
"ATX","ICE_PET_PUB","CO2","1","2034",1.953333E-5
"ATX","ICE_PET_PUB","CO2","1","2035",1.953333E-5
"ATX","ICE_PET_PUB","CO2","1","2036",1.953333E-5
"ATX","ICE_PET_PUB","CO2","1","2037",1.953333E-5
"ATX","ICE_PET_PUB","CO2","1","2038",1.953333E-5
"ATX","ICE_PET_PUB","CO2","1","2039",1.953333E-5
"ATX","ICE_PET_PUB","CO2","1","2040",1.953333E-5
"ATX","ICE_PET_PUB","CO2","1","2041",1.953333E-5
"ATX","ICE_PET_PUB","CO2","1","2042",1.953333E-5
"ATX","ICE_PET_PUB","CO2","1","2043",1.953333E-5
"ATX","ICE_PET_PUB","CO2","1","2044",1.953333E-5
"ATX","ICE_PET_PUB","CO2","1","2045",1.953333E-5
"ATX","ICE_PET_PUB","CO2","1","2046",1.953333E-5
"ATX","ICE_PET_PUB","CO2","1","2047",1.953333E-5
"ATX","ICE_PET_PUB","CO2","1","2048",1.953333E-5
"ATX","ICE_PET_PUB","CO2","1","2049",1.953333E-5
"ATX","ICE_PET_PUB","CO2","1","2050",1.953333E-5
"ATX","ICE_DSL_PUB","CO2","1","2015",1.84E-5
"ATX","ICE_DSL_PUB","CO2","1","2016",1.84E-5
"ATX","ICE_DSL_PUB","CO2","1","2017",1.84E-5
"ATX","ICE_DSL_PUB","CO2","1","2018",1.84E-5
"ATX","ICE_DSL_PUB","CO2","1","2019",1.84E-5
"ATX","ICE_DSL_PUB","CO2","1","2020",1.84E-5
"ATX","ICE_DSL_PUB","CO2","1","2021",1.84E-5
"ATX","ICE_DSL_PUB","CO2","1","2022",1.84E-5
"ATX","ICE_DSL_PUB","CO2","1","2023",1.84E-5
"ATX","ICE_DSL_PUB","CO2","1","2024",1.84E-5
"ATX","ICE_DSL_PUB","CO2","1","2025",1.84E-5
"ATX","ICE_DSL_PUB","CO2","1","2026",1.84E-5
"ATX","ICE_DSL_PUB","CO2","1","2027",1.84E-5
"ATX","ICE_DSL_PUB","CO2","1","2028",1.84E-5
"ATX","ICE_DSL_PUB","CO2","1","2029",1.84E-5
"ATX","ICE_DSL_PUB","CO2","1","2030",1.84E-5
"ATX","ICE_DSL_PUB","CO2","1","2031",1.84E-5
"ATX","ICE_DSL_PUB","CO2","1","2032",1.84E-5
"ATX","ICE_DSL_PUB","CO2","1","2033",1.84E-5
"ATX","ICE_DSL_PUB","CO2","1","2034",1.84E-5
"ATX","ICE_DSL_PUB","CO2","1","2035",1.84E-5
"ATX","ICE_DSL_PUB","CO2","1","2036",1.84E-5
"ATX","ICE_DSL_PUB","CO2","1","2037",1.84E-5
"ATX","ICE_DSL_PUB","CO2","1","2038",1.84E-5
"ATX","ICE_DSL_PUB","CO2","1","2039",1.84E-5
"ATX","ICE_DSL_PUB","CO2","1","2040",1.84E-5
"ATX","ICE_DSL_PUB","CO2","1","2041",1.84E-5
"ATX","ICE_DSL_PUB","CO2","1","2042",1.84E-5
"ATX","ICE_DSL_PUB","CO2","1","2043",1.84E-5
"ATX","ICE_DSL_PUB","CO2","1","2044",1.84E-5
"ATX","ICE_DSL_PUB","CO2","1","2045",1.84E-5
"ATX","ICE_DSL_PUB","CO2","1","2046",1.84E-5
"ATX","ICE_DSL_PUB","CO2","1","2047",1.84E-5
"ATX","ICE_DSL_PUB","CO2","1","2048",1.84E-5
"ATX","ICE_DSL_PUB","CO2","1","2049",1.84E-5
"ATX","ICE_DSL_PUB","CO2","1","2050",1.84E-5
"ATX","CNG_PUB","CO2","1","2015",1.84E-5
"ATX","CNG_PUB","CO2","1","2016",1.84E-5
"ATX","CNG_PUB","CO2","1","2017",1.84E-5
"ATX","CNG_PUB","CO2","1","2018",1.84E-5
"ATX","CNG_PUB","CO2","1","2019",1.84E-5
"ATX","CNG_PUB","CO2","1","2020",1.84E-5
"ATX","CNG_PUB","CO2","1","2021",1.84E-5
"ATX","CNG_PUB","CO2","1","2022",1.84E-5
"ATX","CNG_PUB","CO2","1","2023",1.84E-5
"ATX","CNG_PUB","CO2","1","2024",1.84E-5
"ATX","CNG_PUB","CO2","1","2025",1.84E-5
"ATX","CNG_PUB","CO2","1","2026",1.84E-5
"ATX","CNG_PUB","CO2","1","2027",1.84E-5
"ATX","CNG_PUB","CO2","1","2028",1.84E-5
"ATX","CNG_PUB","CO2","1","2029",1.84E-5
"ATX","CNG_PUB","CO2","1","2030",1.84E-5
"ATX","CNG_PUB","CO2","1","2031",1.84E-5
"ATX","CNG_PUB","CO2","1","2032",1.84E-5
"ATX","CNG_PUB","CO2","1","2033",1.84E-5
"ATX","CNG_PUB","CO2","1","2034",1.84E-5
"ATX","CNG_PUB","CO2","1","2035",1.84E-5
"ATX","CNG_PUB","CO2","1","2036",1.84E-5
"ATX","CNG_PUB","CO2","1","2037",1.84E-5
"ATX","CNG_PUB","CO2","1","2038",1.84E-5
"ATX","CNG_PUB","CO2","1","2039",1.84E-5
"ATX","CNG_PUB","CO2","1","2040",1.84E-5
"ATX","CNG_PUB","CO2","1","2041",1.84E-5
"ATX","CNG_PUB","CO2","1","2042",1.84E-5
"ATX","CNG_PUB","CO2","1","2043",1.84E-5
"ATX","CNG_PUB","CO2","1","2044",1.84E-5
"ATX","CNG_PUB","CO2","1","2045",1.84E-5
"ATX","CNG_PUB","CO2","1","2046",1.84E-5
"ATX","CNG_PUB","CO2","1","2047",1.84E-5
"ATX","CNG_PUB","CO2","1","2048",1.84E-5
"ATX","CNG_PUB","CO2","1","2049",1.84E-5
"ATX","CNG_PUB","CO2","1","2050",1.84E-5
"ATX","PHEV_PUB","CO2","1","2015",6.93333E-6
"ATX","PHEV_PUB","CO2","1","2016",6.93333E-6
"ATX","PHEV_PUB","CO2","1","2017",6.93333E-6
"ATX","PHEV_PUB","CO2","1","2018",6.93333E-6
"ATX","PHEV_PUB","CO2","1","2019",6.93333E-6
"ATX","PHEV_PUB","CO2","1","2020",6.93333E-6
"ATX","PHEV_PUB","CO2","1","2021",6.93333E-6
"ATX","PHEV_PUB","CO2","1","2022",6.93333E-6
"ATX","PHEV_PUB","CO2","1","2023",6.93333E-6
"ATX","PHEV_PUB","CO2","1","2024",6.93333E-6
"ATX","PHEV_PUB","CO2","1","2025",6.93333E-6
"ATX","PHEV_PUB","CO2","1","2026",6.93333E-6
"ATX","PHEV_PUB","CO2","1","2027",6.93333E-6
"ATX","PHEV_PUB","CO2","1","2028",6.93333E-6
"ATX","PHEV_PUB","CO2","1","2029",6.93333E-6
"ATX","PHEV_PUB","CO2","1","2030",6.93333E-6
"ATX","PHEV_PUB","CO2","1","2031",6.93333E-6
"ATX","PHEV_PUB","CO2","1","2032",6.93333E-6
"ATX","PHEV_PUB","CO2","1","2033",6.93333E-6
"ATX","PHEV_PUB","CO2","1","2034",6.93333E-6
"ATX","PHEV_PUB","CO2","1","2035",6.93333E-6
"ATX","PHEV_PUB","CO2","1","2036",6.93333E-6
"ATX","PHEV_PUB","CO2","1","2037",6.93333E-6
"ATX","PHEV_PUB","CO2","1","2038",6.93333E-6
"ATX","PHEV_PUB","CO2","1","2039",6.93333E-6
"ATX","PHEV_PUB","CO2","1","2040",6.93333E-6
"ATX","PHEV_PUB","CO2","1","2041",6.93333E-6
"ATX","PHEV_PUB","CO2","1","2042",6.93333E-6
"ATX","PHEV_PUB","CO2","1","2043",6.93333E-6
"ATX","PHEV_PUB","CO2","1","2044",6.93333E-6
"ATX","PHEV_PUB","CO2","1","2045",6.93333E-6
"ATX","PHEV_PUB","CO2","1","2046",6.93333E-6
"ATX","PHEV_PUB","CO2","1","2047",6.93333E-6
"ATX","PHEV_PUB","CO2","1","2048",6.93333E-6
"ATX","PHEV_PUB","CO2","1","2049",6.93333E-6
"ATX","PHEV_PUB","CO2","1","2050",6.93333E-6
"ATX","HYBRID_PUB","CO2","1","2015",1.293333E-5
"ATX","HYBRID_PUB","CO2","1","2016",1.293333E-5
"ATX","HYBRID_PUB","CO2","1","2017",1.293333E-5
"ATX","HYBRID_PUB","CO2","1","2018",1.293333E-5
"ATX","HYBRID_PUB","CO2","1","2019",1.293333E-5
"ATX","HYBRID_PUB","CO2","1","2020",1.293333E-5
"ATX","HYBRID_PUB","CO2","1","2021",1.293333E-5
"ATX","HYBRID_PUB","CO2","1","2022",1.293333E-5
"ATX","HYBRID_PUB","CO2","1","2023",1.293333E-5
"ATX","HYBRID_PUB","CO2","1","2024",1.293333E-5
"ATX","HYBRID_PUB","CO2","1","2025",1.293333E-5
"ATX","HYBRID_PUB","CO2","1","2026",1.293333E-5
"ATX","HYBRID_PUB","CO2","1","2027",1.293333E-5
"ATX","HYBRID_PUB","CO2","1","2028",1.293333E-5
"ATX","HYBRID_PUB","CO2","1","2029",1.293333E-5
"ATX","HYBRID_PUB","CO2","1","2030",1.293333E-5
"ATX","HYBRID_PUB","CO2","1","2031",1.293333E-5
"ATX","HYBRID_PUB","CO2","1","2032",1.293333E-5
"ATX","HYBRID_PUB","CO2","1","2033",1.293333E-5
"ATX","HYBRID_PUB","CO2","1","2034",1.293333E-5
"ATX","HYBRID_PUB","CO2","1","2035",1.293333E-5
"ATX","HYBRID_PUB","CO2","1","2036",1.293333E-5
"ATX","HYBRID_PUB","CO2","1","2037",1.293333E-5
"ATX","HYBRID_PUB","CO2","1","2038",1.293333E-5
"ATX","HYBRID_PUB","CO2","1","2039",1.293333E-5
"ATX","HYBRID_PUB","CO2","1","2040",1.293333E-5
"ATX","HYBRID_PUB","CO2","1","2041",1.293333E-5
"ATX","HYBRID_PUB","CO2","1","2042",1.293333E-5
"ATX","HYBRID_PUB","CO2","1","2043",1.293333E-5
"ATX","HYBRID_PUB","CO2","1","2044",1.293333E-5
"ATX","HYBRID_PUB","CO2","1","2045",1.293333E-5
"ATX","HYBRID_PUB","CO2","1","2046",1.293333E-5
"ATX","HYBRID_PUB","CO2","1","2047",1.293333E-5
"ATX","HYBRID_PUB","CO2","1","2048",1.293333E-5
"ATX","HYBRID_PUB","CO2","1","2049",1.293333E-5
"ATX","HYBRID_PUB","CO2","1","2050",1.293333E-5
"ATX","BIO_DSL_PUB","CO2","1","2015",1.84E-5
"ATX","BIO_DSL_PUB","CO2","1","2016",1.84E-5
"ATX","BIO_DSL_PUB","CO2","1","2017",1.84E-5
"ATX","BIO_DSL_PUB","CO2","1","2018",1.84E-5
"ATX","BIO_DSL_PUB","CO2","1","2019",1.84E-5
"ATX","BIO_DSL_PUB","CO2","1","2020",1.84E-5
"ATX","BIO_DSL_PUB","CO2","1","2021",1.84E-5
"ATX","BIO_DSL_PUB","CO2","1","2022",1.84E-5
"ATX","BIO_DSL_PUB","CO2","1","2023",1.84E-5
"ATX","BIO_DSL_PUB","CO2","1","2024",1.84E-5
"ATX","BIO_DSL_PUB","CO2","1","2025",1.84E-5
"ATX","BIO_DSL_PUB","CO2","1","2026",1.84E-5
"ATX","BIO_DSL_PUB","CO2","1","2027",1.84E-5
"ATX","BIO_DSL_PUB","CO2","1","2028",1.84E-5
"ATX","BIO_DSL_PUB","CO2","1","2029",1.84E-5
"ATX","BIO_DSL_PUB","CO2","1","2030",1.84E-5
"ATX","BIO_DSL_PUB","CO2","1","2031",1.84E-5
"ATX","BIO_DSL_PUB","CO2","1","2032",1.84E-5
"ATX","BIO_DSL_PUB","CO2","1","2033",1.84E-5
"ATX","BIO_DSL_PUB","CO2","1","2034",1.84E-5
"ATX","BIO_DSL_PUB","CO2","1","2035",1.84E-5
"ATX","BIO_DSL_PUB","CO2","1","2036",1.84E-5
"ATX","BIO_DSL_PUB","CO2","1","2037",1.84E-5
"ATX","BIO_DSL_PUB","CO2","1","2038",1.84E-5
"ATX","BIO_DSL_PUB","CO2","1","2039",1.84E-5
"ATX","BIO_DSL_PUB","CO2","1","2040",1.84E-5
"ATX","BIO_DSL_PUB","CO2","1","2041",1.84E-5
"ATX","BIO_DSL_PUB","CO2","1","2042",1.84E-5
"ATX","BIO_DSL_PUB","CO2","1","2043",1.84E-5
"ATX","BIO_DSL_PUB","CO2","1","2044",1.84E-5
"ATX","BIO_DSL_PUB","CO2","1","2045",1.84E-5
"ATX","BIO_DSL_PUB","CO2","1","2046",1.84E-5
"ATX","BIO_DSL_PUB","CO2","1","2047",1.84E-5
"ATX","BIO_DSL_PUB","CO2","1","2048",1.84E-5
"ATX","BIO_DSL_PUB","CO2","1","2049",1.84E-5
"ATX","BIO_DSL_PUB","CO2","1","2050",1.84E-5
"ATX","ELCTROL","CO2","1","2015",0.00480956152
"ATX","ELCTROL","CO2","1","2016",0.00480956152
"ATX","ELCTROL","CO2","1","2017",0.00480956152
"ATX","ELCTROL","CO2","1","2018",0.00480956152
"ATX","ELCTROL","CO2","1","2019",0.00480956152
"ATX","ELCTROL","CO2","1","2020",0.00480956152
"ATX","ELCTROL","CO2","1","2021",0.00480956152
"ATX","ELCTROL","CO2","1","2022",0.00480956152
"ATX","ELCTROL","CO2","1","2023",0.00480956152
"ATX","ELCTROL","CO2","1","2024",0.00480956152
"ATX","ELCTROL","CO2","1","2025",0.00480956152
"ATX","ELCTROL","CO2","1","2026",0.00480956152
"ATX","ELCTROL","CO2","1","2027",0.00480956152
"ATX","ELCTROL","CO2","1","2028",0.00480956152
"ATX","ELCTROL","CO2","1","2029",0.00480956152
"ATX","ELCTROL","CO2","1","2030",0.00480956152
"ATX","ELCTROL","CO2","1","2031",0.00480956152
"ATX","ELCTROL","CO2","1","2032",0.00480956152
"ATX","ELCTROL","CO2","1","2033",0.00480956152
"ATX","ELCTROL","CO2","1","2034",0.00480956152
"ATX","ELCTROL","CO2","1","2035",0.00480956152
"ATX","ELCTROL","CO2","1","2036",0.00480956152
"ATX","ELCTROL","CO2","1","2037",0.00480956152
"ATX","ELCTROL","CO2","1","2038",0.00480956152
"ATX","ELCTROL","CO2","1","2039",0.00480956152
"ATX","ELCTROL","CO2","1","2040",0.00480956152
"ATX","ELCTROL","CO2","1","2041",0.00480956152
"ATX","ELCTROL","CO2","1","2042",0.00480956152
"ATX","ELCTROL","CO2","1","2043",0.00480956152
"ATX","ELCTROL","CO2","1","2044",0.00480956152
"ATX","ELCTROL","CO2","1","2045",0.00480956152
"ATX","ELCTROL","CO2","1","2046",0.00480956152
"ATX","ELCTROL","CO2","1","2047",0.00480956152
"ATX","ELCTROL","CO2","1","2048",0.00480956152
"ATX","ELCTROL","CO2","1","2049",0.00480956152
"ATX","ELCTROL","CO2","1","2050",0.00480956152
"ATX","GASREF","CO2","1","2015",0.00961912305
"ATX","GASREF","CO2","1","2016",0.00961912305
"ATX","GASREF","CO2","1","2017",0.00961912305
"ATX","GASREF","CO2","1","2018",0.00961912305
"ATX","GASREF","CO2","1","2019",0.00961912305
"ATX","GASREF","CO2","1","2020",0.00961912305
"ATX","GASREF","CO2","1","2021",0.00961912305
"ATX","GASREF","CO2","1","2022",0.00961912305
"ATX","GASREF","CO2","1","2023",0.00961912305
"ATX","GASREF","CO2","1","2024",0.00961912305
"ATX","GASREF","CO2","1","2025",0.00961912305
"ATX","GASREF","CO2","1","2026",0.00961912305
"ATX","GASREF","CO2","1","2027",0.00961912305
"ATX","GASREF","CO2","1","2028",0.00961912305
"ATX","GASREF","CO2","1","2029",0.00961912305
"ATX","GASREF","CO2","1","2030",0.00961912305
"ATX","GASREF","CO2","1","2031",0.00961912305
"ATX","GASREF","CO2","1","2032",0.00961912305
"ATX","GASREF","CO2","1","2033",0.00961912305
"ATX","GASREF","CO2","1","2034",0.00961912305
"ATX","GASREF","CO2","1","2035",0.00961912305
"ATX","GASREF","CO2","1","2036",0.00961912305
"ATX","GASREF","CO2","1","2037",0.00961912305
"ATX","GASREF","CO2","1","2038",0.00961912305
"ATX","GASREF","CO2","1","2039",0.00961912305
"ATX","GASREF","CO2","1","2040",0.00961912305
"ATX","GASREF","CO2","1","2041",0.00961912305
"ATX","GASREF","CO2","1","2042",0.00961912305
"ATX","GASREF","CO2","1","2043",0.00961912305
"ATX","GASREF","CO2","1","2044",0.00961912305
"ATX","GASREF","CO2","1","2045",0.00961912305
"ATX","GASREF","CO2","1","2046",0.00961912305
"ATX","GASREF","CO2","1","2047",0.00961912305
"ATX","GASREF","CO2","1","2048",0.00961912305
"ATX","GASREF","CO2","1","2049",0.00961912305
"ATX","GASREF","CO2","1","2050",0.00961912305
"ATX","BIOGAS","CO2","1","2015",0.00240478076
"ATX","BIOGAS","CO2","1","2016",0.00240478076
"ATX","BIOGAS","CO2","1","2017",0.00240478076
"ATX","BIOGAS","CO2","1","2018",0.00240478076
"ATX","BIOGAS","CO2","1","2019",0.00240478076
"ATX","BIOGAS","CO2","1","2020",0.00240478076
"ATX","BIOGAS","CO2","1","2021",0.00240478076
"ATX","BIOGAS","CO2","1","2022",0.00240478076
"ATX","BIOGAS","CO2","1","2023",0.00240478076
"ATX","BIOGAS","CO2","1","2024",0.00240478076
"ATX","BIOGAS","CO2","1","2025",0.00240478076
"ATX","BIOGAS","CO2","1","2026",0.00240478076
"ATX","BIOGAS","CO2","1","2027",0.00240478076
"ATX","BIOGAS","CO2","1","2028",0.00240478076
"ATX","BIOGAS","CO2","1","2029",0.00240478076
"ATX","BIOGAS","CO2","1","2030",0.00240478076
"ATX","BIOGAS","CO2","1","2031",0.00240478076
"ATX","BIOGAS","CO2","1","2032",0.00240478076
"ATX","BIOGAS","CO2","1","2033",0.00240478076
"ATX","BIOGAS","CO2","1","2034",0.00240478076
"ATX","BIOGAS","CO2","1","2035",0.00240478076
"ATX","BIOGAS","CO2","1","2036",0.00240478076
"ATX","BIOGAS","CO2","1","2037",0.00240478076
"ATX","BIOGAS","CO2","1","2038",0.00240478076
"ATX","BIOGAS","CO2","1","2039",0.00240478076
"ATX","BIOGAS","CO2","1","2040",0.00240478076
"ATX","BIOGAS","CO2","1","2041",0.00240478076
"ATX","BIOGAS","CO2","1","2042",0.00240478076
"ATX","BIOGAS","CO2","1","2043",0.00240478076
"ATX","BIOGAS","CO2","1","2044",0.00240478076
"ATX","BIOGAS","CO2","1","2045",0.00240478076
"ATX","BIOGAS","CO2","1","2046",0.00240478076
"ATX","BIOGAS","CO2","1","2047",0.00240478076
"ATX","BIOGAS","CO2","1","2048",0.00240478076
"ATX","BIOGAS","CO2","1","2049",0.00240478076
"ATX","BIOGAS","CO2","1","2050",0.00240478076
"ATX","COALGAS","CO2","1","2015",0.00913816689
"ATX","COALGAS","CO2","1","2016",0.00913816689
"ATX","COALGAS","CO2","1","2017",0.00913816689
"ATX","COALGAS","CO2","1","2018",0.00913816689
"ATX","COALGAS","CO2","1","2019",0.00913816689
"ATX","COALGAS","CO2","1","2020",0.00913816689
"ATX","COALGAS","CO2","1","2021",0.00913816689
"ATX","COALGAS","CO2","1","2022",0.00913816689
"ATX","COALGAS","CO2","1","2023",0.00913816689
"ATX","COALGAS","CO2","1","2024",0.00913816689
"ATX","COALGAS","CO2","1","2025",0.00913816689
"ATX","COALGAS","CO2","1","2026",0.00913816689
"ATX","COALGAS","CO2","1","2027",0.00913816689
"ATX","COALGAS","CO2","1","2028",0.00913816689
"ATX","COALGAS","CO2","1","2029",0.00913816689
"ATX","COALGAS","CO2","1","2030",0.00913816689
"ATX","COALGAS","CO2","1","2031",0.00913816689
"ATX","COALGAS","CO2","1","2032",0.00913816689
"ATX","COALGAS","CO2","1","2033",0.00913816689
"ATX","COALGAS","CO2","1","2034",0.00913816689
"ATX","COALGAS","CO2","1","2035",0.00913816689
"ATX","COALGAS","CO2","1","2036",0.00913816689
"ATX","COALGAS","CO2","1","2037",0.00913816689
"ATX","COALGAS","CO2","1","2038",0.00913816689
"ATX","COALGAS","CO2","1","2039",0.00913816689
"ATX","COALGAS","CO2","1","2040",0.00913816689
"ATX","COALGAS","CO2","1","2041",0.00913816689
"ATX","COALGAS","CO2","1","2042",0.00913816689
"ATX","COALGAS","CO2","1","2043",0.00913816689
"ATX","COALGAS","CO2","1","2044",0.00913816689
"ATX","COALGAS","CO2","1","2045",0.00913816689
"ATX","COALGAS","CO2","1","2046",0.00913816689
"ATX","COALGAS","CO2","1","2047",0.00913816689
"ATX","COALGAS","CO2","1","2048",0.00913816689
"ATX","COALGAS","CO2","1","2049",0.00913816689
"ATX","COALGAS","CO2","1","2050",0.00913816689
