"TIMESLICE","YEAR","Val"
"W1","2015",0.0101598173515982
"W1","2016",0.0101598173515982
"W1","2017",0.0101598173515982
"W1","2018",0.0101598173515982
"W1","2019",0.0101598173515982
"W1","2020",0.0101598173515982
"W1","2021",0.0101598173515982
"W1","2022",0.0101598173515982
"W1","2023",0.0101598173515982
"W1","2024",0.0101598173515982
"W1","2025",0.0101598173515982
"W1","2026",0.0101598173515982
"W1","2027",0.0101598173515982
"W1","2028",0.0101598173515982
"W1","2029",0.0101598173515982
"W1","2030",0.0101598173515982
"W1","2031",0.0101598173515982
"W1","2032",0.0101598173515982
"W1","2033",0.0101598173515982
"W1","2034",0.0101598173515982
"W1","2035",0.0101598173515982
"W1","2036",0.0101598173515982
"W1","2037",0.0101598173515982
"W1","2038",0.0101598173515982
"W1","2039",0.0101598173515982
"W1","2040",0.0101598173515982
"W1","2041",0.0101598173515982
"W1","2042",0.0101598173515982
"W1","2043",0.0101598173515982
"W1","2044",0.0101598173515982
"W1","2045",0.0101598173515982
"W1","2046",0.0101598173515982
"W1","2047",0.0101598173515982
"W1","2048",0.0101598173515982
"W1","2049",0.0101598173515982
"W1","2050",0.0101598173515982
"W2","2015",0.0101598173515982
"W2","2016",0.0101598173515982
"W2","2017",0.0101598173515982
"W2","2018",0.0101598173515982
"W2","2019",0.0101598173515982
"W2","2020",0.0101598173515982
"W2","2021",0.0101598173515982
"W2","2022",0.0101598173515982
"W2","2023",0.0101598173515982
"W2","2024",0.0101598173515982
"W2","2025",0.0101598173515982
"W2","2026",0.0101598173515982
"W2","2027",0.0101598173515982
"W2","2028",0.0101598173515982
"W2","2029",0.0101598173515982
"W2","2030",0.0101598173515982
"W2","2031",0.0101598173515982
"W2","2032",0.0101598173515982
"W2","2033",0.0101598173515982
"W2","2034",0.0101598173515982
"W2","2035",0.0101598173515982
"W2","2036",0.0101598173515982
"W2","2037",0.0101598173515982
"W2","2038",0.0101598173515982
"W2","2039",0.0101598173515982
"W2","2040",0.0101598173515982
"W2","2041",0.0101598173515982
"W2","2042",0.0101598173515982
"W2","2043",0.0101598173515982
"W2","2044",0.0101598173515982
"W2","2045",0.0101598173515982
"W2","2046",0.0101598173515982
"W2","2047",0.0101598173515982
"W2","2048",0.0101598173515982
"W2","2049",0.0101598173515982
"W2","2050",0.0101598173515982
"W3","2015",0.0101598173515982
"W3","2016",0.0101598173515982
"W3","2017",0.0101598173515982
"W3","2018",0.0101598173515982
"W3","2019",0.0101598173515982
"W3","2020",0.0101598173515982
"W3","2021",0.0101598173515982
"W3","2022",0.0101598173515982
"W3","2023",0.0101598173515982
"W3","2024",0.0101598173515982
"W3","2025",0.0101598173515982
"W3","2026",0.0101598173515982
"W3","2027",0.0101598173515982
"W3","2028",0.0101598173515982
"W3","2029",0.0101598173515982
"W3","2030",0.0101598173515982
"W3","2031",0.0101598173515982
"W3","2032",0.0101598173515982
"W3","2033",0.0101598173515982
"W3","2034",0.0101598173515982
"W3","2035",0.0101598173515982
"W3","2036",0.0101598173515982
"W3","2037",0.0101598173515982
"W3","2038",0.0101598173515982
"W3","2039",0.0101598173515982
"W3","2040",0.0101598173515982
"W3","2041",0.0101598173515982
"W3","2042",0.0101598173515982
"W3","2043",0.0101598173515982
"W3","2044",0.0101598173515982
"W3","2045",0.0101598173515982
"W3","2046",0.0101598173515982
"W3","2047",0.0101598173515982
"W3","2048",0.0101598173515982
"W3","2049",0.0101598173515982
"W3","2050",0.0101598173515982
"W4","2015",0.0101598173515982
"W4","2016",0.0101598173515982
"W4","2017",0.0101598173515982
"W4","2018",0.0101598173515982
"W4","2019",0.0101598173515982
"W4","2020",0.0101598173515982
"W4","2021",0.0101598173515982
"W4","2022",0.0101598173515982
"W4","2023",0.0101598173515982
"W4","2024",0.0101598173515982
"W4","2025",0.0101598173515982
"W4","2026",0.0101598173515982
"W4","2027",0.0101598173515982
"W4","2028",0.0101598173515982
"W4","2029",0.0101598173515982
"W4","2030",0.0101598173515982
"W4","2031",0.0101598173515982
"W4","2032",0.0101598173515982
"W4","2033",0.0101598173515982
"W4","2034",0.0101598173515982
"W4","2035",0.0101598173515982
"W4","2036",0.0101598173515982
"W4","2037",0.0101598173515982
"W4","2038",0.0101598173515982
"W4","2039",0.0101598173515982
"W4","2040",0.0101598173515982
"W4","2041",0.0101598173515982
"W4","2042",0.0101598173515982
"W4","2043",0.0101598173515982
"W4","2044",0.0101598173515982
"W4","2045",0.0101598173515982
"W4","2046",0.0101598173515982
"W4","2047",0.0101598173515982
"W4","2048",0.0101598173515982
"W4","2049",0.0101598173515982
"W4","2050",0.0101598173515982
"W5","2015",0.0101598173515982
"W5","2016",0.0101598173515982
"W5","2017",0.0101598173515982
"W5","2018",0.0101598173515982
"W5","2019",0.0101598173515982
"W5","2020",0.0101598173515982
"W5","2021",0.0101598173515982
"W5","2022",0.0101598173515982
"W5","2023",0.0101598173515982
"W5","2024",0.0101598173515982
"W5","2025",0.0101598173515982
"W5","2026",0.0101598173515982
"W5","2027",0.0101598173515982
"W5","2028",0.0101598173515982
"W5","2029",0.0101598173515982
"W5","2030",0.0101598173515982
"W5","2031",0.0101598173515982
"W5","2032",0.0101598173515982
"W5","2033",0.0101598173515982
"W5","2034",0.0101598173515982
"W5","2035",0.0101598173515982
"W5","2036",0.0101598173515982
"W5","2037",0.0101598173515982
"W5","2038",0.0101598173515982
"W5","2039",0.0101598173515982
"W5","2040",0.0101598173515982
"W5","2041",0.0101598173515982
"W5","2042",0.0101598173515982
"W5","2043",0.0101598173515982
"W5","2044",0.0101598173515982
"W5","2045",0.0101598173515982
"W5","2046",0.0101598173515982
"W5","2047",0.0101598173515982
"W5","2048",0.0101598173515982
"W5","2049",0.0101598173515982
"W5","2050",0.0101598173515982
"W6","2015",0.0101598173515982
"W6","2016",0.0101598173515982
"W6","2017",0.0101598173515982
"W6","2018",0.0101598173515982
"W6","2019",0.0101598173515982
"W6","2020",0.0101598173515982
"W6","2021",0.0101598173515982
"W6","2022",0.0101598173515982
"W6","2023",0.0101598173515982
"W6","2024",0.0101598173515982
"W6","2025",0.0101598173515982
"W6","2026",0.0101598173515982
"W6","2027",0.0101598173515982
"W6","2028",0.0101598173515982
"W6","2029",0.0101598173515982
"W6","2030",0.0101598173515982
"W6","2031",0.0101598173515982
"W6","2032",0.0101598173515982
"W6","2033",0.0101598173515982
"W6","2034",0.0101598173515982
"W6","2035",0.0101598173515982
"W6","2036",0.0101598173515982
"W6","2037",0.0101598173515982
"W6","2038",0.0101598173515982
"W6","2039",0.0101598173515982
"W6","2040",0.0101598173515982
"W6","2041",0.0101598173515982
"W6","2042",0.0101598173515982
"W6","2043",0.0101598173515982
"W6","2044",0.0101598173515982
"W6","2045",0.0101598173515982
"W6","2046",0.0101598173515982
"W6","2047",0.0101598173515982
"W6","2048",0.0101598173515982
"W6","2049",0.0101598173515982
"W6","2050",0.0101598173515982
"W7","2015",0.0101598173515982
"W7","2016",0.0101598173515982
"W7","2017",0.0101598173515982
"W7","2018",0.0101598173515982
"W7","2019",0.0101598173515982
"W7","2020",0.0101598173515982
"W7","2021",0.0101598173515982
"W7","2022",0.0101598173515982
"W7","2023",0.0101598173515982
"W7","2024",0.0101598173515982
"W7","2025",0.0101598173515982
"W7","2026",0.0101598173515982
"W7","2027",0.0101598173515982
"W7","2028",0.0101598173515982
"W7","2029",0.0101598173515982
"W7","2030",0.0101598173515982
"W7","2031",0.0101598173515982
"W7","2032",0.0101598173515982
"W7","2033",0.0101598173515982
"W7","2034",0.0101598173515982
"W7","2035",0.0101598173515982
"W7","2036",0.0101598173515982
"W7","2037",0.0101598173515982
"W7","2038",0.0101598173515982
"W7","2039",0.0101598173515982
"W7","2040",0.0101598173515982
"W7","2041",0.0101598173515982
"W7","2042",0.0101598173515982
"W7","2043",0.0101598173515982
"W7","2044",0.0101598173515982
"W7","2045",0.0101598173515982
"W7","2046",0.0101598173515982
"W7","2047",0.0101598173515982
"W7","2048",0.0101598173515982
"W7","2049",0.0101598173515982
"W7","2050",0.0101598173515982
"W8","2015",0.0101598173515982
"W8","2016",0.0101598173515982
"W8","2017",0.0101598173515982
"W8","2018",0.0101598173515982
"W8","2019",0.0101598173515982
"W8","2020",0.0101598173515982
"W8","2021",0.0101598173515982
"W8","2022",0.0101598173515982
"W8","2023",0.0101598173515982
"W8","2024",0.0101598173515982
"W8","2025",0.0101598173515982
"W8","2026",0.0101598173515982
"W8","2027",0.0101598173515982
"W8","2028",0.0101598173515982
"W8","2029",0.0101598173515982
"W8","2030",0.0101598173515982
"W8","2031",0.0101598173515982
"W8","2032",0.0101598173515982
"W8","2033",0.0101598173515982
"W8","2034",0.0101598173515982
"W8","2035",0.0101598173515982
"W8","2036",0.0101598173515982
"W8","2037",0.0101598173515982
"W8","2038",0.0101598173515982
"W8","2039",0.0101598173515982
"W8","2040",0.0101598173515982
"W8","2041",0.0101598173515982
"W8","2042",0.0101598173515982
"W8","2043",0.0101598173515982
"W8","2044",0.0101598173515982
"W8","2045",0.0101598173515982
"W8","2046",0.0101598173515982
"W8","2047",0.0101598173515982
"W8","2048",0.0101598173515982
"W8","2049",0.0101598173515982
"W8","2050",0.0101598173515982
"W9","2015",0.0101598173515982
"W9","2016",0.0101598173515982
"W9","2017",0.0101598173515982
"W9","2018",0.0101598173515982
"W9","2019",0.0101598173515982
"W9","2020",0.0101598173515982
"W9","2021",0.0101598173515982
"W9","2022",0.0101598173515982
"W9","2023",0.0101598173515982
"W9","2024",0.0101598173515982
"W9","2025",0.0101598173515982
"W9","2026",0.0101598173515982
"W9","2027",0.0101598173515982
"W9","2028",0.0101598173515982
"W9","2029",0.0101598173515982
"W9","2030",0.0101598173515982
"W9","2031",0.0101598173515982
"W9","2032",0.0101598173515982
"W9","2033",0.0101598173515982
"W9","2034",0.0101598173515982
"W9","2035",0.0101598173515982
"W9","2036",0.0101598173515982
"W9","2037",0.0101598173515982
"W9","2038",0.0101598173515982
"W9","2039",0.0101598173515982
"W9","2040",0.0101598173515982
"W9","2041",0.0101598173515982
"W9","2042",0.0101598173515982
"W9","2043",0.0101598173515982
"W9","2044",0.0101598173515982
"W9","2045",0.0101598173515982
"W9","2046",0.0101598173515982
"W9","2047",0.0101598173515982
"W9","2048",0.0101598173515982
"W9","2049",0.0101598173515982
"W9","2050",0.0101598173515982
"W10","2015",0.0101598173515982
"W10","2016",0.0101598173515982
"W10","2017",0.0101598173515982
"W10","2018",0.0101598173515982
"W10","2019",0.0101598173515982
"W10","2020",0.0101598173515982
"W10","2021",0.0101598173515982
"W10","2022",0.0101598173515982
"W10","2023",0.0101598173515982
"W10","2024",0.0101598173515982
"W10","2025",0.0101598173515982
"W10","2026",0.0101598173515982
"W10","2027",0.0101598173515982
"W10","2028",0.0101598173515982
"W10","2029",0.0101598173515982
"W10","2030",0.0101598173515982
"W10","2031",0.0101598173515982
"W10","2032",0.0101598173515982
"W10","2033",0.0101598173515982
"W10","2034",0.0101598173515982
"W10","2035",0.0101598173515982
"W10","2036",0.0101598173515982
"W10","2037",0.0101598173515982
"W10","2038",0.0101598173515982
"W10","2039",0.0101598173515982
"W10","2040",0.0101598173515982
"W10","2041",0.0101598173515982
"W10","2042",0.0101598173515982
"W10","2043",0.0101598173515982
"W10","2044",0.0101598173515982
"W10","2045",0.0101598173515982
"W10","2046",0.0101598173515982
"W10","2047",0.0101598173515982
"W10","2048",0.0101598173515982
"W10","2049",0.0101598173515982
"W10","2050",0.0101598173515982
"W11","2015",0.0101598173515982
"W11","2016",0.0101598173515982
"W11","2017",0.0101598173515982
"W11","2018",0.0101598173515982
"W11","2019",0.0101598173515982
"W11","2020",0.0101598173515982
"W11","2021",0.0101598173515982
"W11","2022",0.0101598173515982
"W11","2023",0.0101598173515982
"W11","2024",0.0101598173515982
"W11","2025",0.0101598173515982
"W11","2026",0.0101598173515982
"W11","2027",0.0101598173515982
"W11","2028",0.0101598173515982
"W11","2029",0.0101598173515982
"W11","2030",0.0101598173515982
"W11","2031",0.0101598173515982
"W11","2032",0.0101598173515982
"W11","2033",0.0101598173515982
"W11","2034",0.0101598173515982
"W11","2035",0.0101598173515982
"W11","2036",0.0101598173515982
"W11","2037",0.0101598173515982
"W11","2038",0.0101598173515982
"W11","2039",0.0101598173515982
"W11","2040",0.0101598173515982
"W11","2041",0.0101598173515982
"W11","2042",0.0101598173515982
"W11","2043",0.0101598173515982
"W11","2044",0.0101598173515982
"W11","2045",0.0101598173515982
"W11","2046",0.0101598173515982
"W11","2047",0.0101598173515982
"W11","2048",0.0101598173515982
"W11","2049",0.0101598173515982
"W11","2050",0.0101598173515982
"W12","2015",0.0101598173515982
"W12","2016",0.0101598173515982
"W12","2017",0.0101598173515982
"W12","2018",0.0101598173515982
"W12","2019",0.0101598173515982
"W12","2020",0.0101598173515982
"W12","2021",0.0101598173515982
"W12","2022",0.0101598173515982
"W12","2023",0.0101598173515982
"W12","2024",0.0101598173515982
"W12","2025",0.0101598173515982
"W12","2026",0.0101598173515982
"W12","2027",0.0101598173515982
"W12","2028",0.0101598173515982
"W12","2029",0.0101598173515982
"W12","2030",0.0101598173515982
"W12","2031",0.0101598173515982
"W12","2032",0.0101598173515982
"W12","2033",0.0101598173515982
"W12","2034",0.0101598173515982
"W12","2035",0.0101598173515982
"W12","2036",0.0101598173515982
"W12","2037",0.0101598173515982
"W12","2038",0.0101598173515982
"W12","2039",0.0101598173515982
"W12","2040",0.0101598173515982
"W12","2041",0.0101598173515982
"W12","2042",0.0101598173515982
"W12","2043",0.0101598173515982
"W12","2044",0.0101598173515982
"W12","2045",0.0101598173515982
"W12","2046",0.0101598173515982
"W12","2047",0.0101598173515982
"W12","2048",0.0101598173515982
"W12","2049",0.0101598173515982
"W12","2050",0.0101598173515982
"W13","2015",0.0101598173515982
"W13","2016",0.0101598173515982
"W13","2017",0.0101598173515982
"W13","2018",0.0101598173515982
"W13","2019",0.0101598173515982
"W13","2020",0.0101598173515982
"W13","2021",0.0101598173515982
"W13","2022",0.0101598173515982
"W13","2023",0.0101598173515982
"W13","2024",0.0101598173515982
"W13","2025",0.0101598173515982
"W13","2026",0.0101598173515982
"W13","2027",0.0101598173515982
"W13","2028",0.0101598173515982
"W13","2029",0.0101598173515982
"W13","2030",0.0101598173515982
"W13","2031",0.0101598173515982
"W13","2032",0.0101598173515982
"W13","2033",0.0101598173515982
"W13","2034",0.0101598173515982
"W13","2035",0.0101598173515982
"W13","2036",0.0101598173515982
"W13","2037",0.0101598173515982
"W13","2038",0.0101598173515982
"W13","2039",0.0101598173515982
"W13","2040",0.0101598173515982
"W13","2041",0.0101598173515982
"W13","2042",0.0101598173515982
"W13","2043",0.0101598173515982
"W13","2044",0.0101598173515982
"W13","2045",0.0101598173515982
"W13","2046",0.0101598173515982
"W13","2047",0.0101598173515982
"W13","2048",0.0101598173515982
"W13","2049",0.0101598173515982
"W13","2050",0.0101598173515982
"W14","2015",0.0101598173515982
"W14","2016",0.0101598173515982
"W14","2017",0.0101598173515982
"W14","2018",0.0101598173515982
"W14","2019",0.0101598173515982
"W14","2020",0.0101598173515982
"W14","2021",0.0101598173515982
"W14","2022",0.0101598173515982
"W14","2023",0.0101598173515982
"W14","2024",0.0101598173515982
"W14","2025",0.0101598173515982
"W14","2026",0.0101598173515982
"W14","2027",0.0101598173515982
"W14","2028",0.0101598173515982
"W14","2029",0.0101598173515982
"W14","2030",0.0101598173515982
"W14","2031",0.0101598173515982
"W14","2032",0.0101598173515982
"W14","2033",0.0101598173515982
"W14","2034",0.0101598173515982
"W14","2035",0.0101598173515982
"W14","2036",0.0101598173515982
"W14","2037",0.0101598173515982
"W14","2038",0.0101598173515982
"W14","2039",0.0101598173515982
"W14","2040",0.0101598173515982
"W14","2041",0.0101598173515982
"W14","2042",0.0101598173515982
"W14","2043",0.0101598173515982
"W14","2044",0.0101598173515982
"W14","2045",0.0101598173515982
"W14","2046",0.0101598173515982
"W14","2047",0.0101598173515982
"W14","2048",0.0101598173515982
"W14","2049",0.0101598173515982
"W14","2050",0.0101598173515982
"W15","2015",0.0101598173515982
"W15","2016",0.0101598173515982
"W15","2017",0.0101598173515982
"W15","2018",0.0101598173515982
"W15","2019",0.0101598173515982
"W15","2020",0.0101598173515982
"W15","2021",0.0101598173515982
"W15","2022",0.0101598173515982
"W15","2023",0.0101598173515982
"W15","2024",0.0101598173515982
"W15","2025",0.0101598173515982
"W15","2026",0.0101598173515982
"W15","2027",0.0101598173515982
"W15","2028",0.0101598173515982
"W15","2029",0.0101598173515982
"W15","2030",0.0101598173515982
"W15","2031",0.0101598173515982
"W15","2032",0.0101598173515982
"W15","2033",0.0101598173515982
"W15","2034",0.0101598173515982
"W15","2035",0.0101598173515982
"W15","2036",0.0101598173515982
"W15","2037",0.0101598173515982
"W15","2038",0.0101598173515982
"W15","2039",0.0101598173515982
"W15","2040",0.0101598173515982
"W15","2041",0.0101598173515982
"W15","2042",0.0101598173515982
"W15","2043",0.0101598173515982
"W15","2044",0.0101598173515982
"W15","2045",0.0101598173515982
"W15","2046",0.0101598173515982
"W15","2047",0.0101598173515982
"W15","2048",0.0101598173515982
"W15","2049",0.0101598173515982
"W15","2050",0.0101598173515982
"W16","2015",0.0101598173515982
"W16","2016",0.0101598173515982
"W16","2017",0.0101598173515982
"W16","2018",0.0101598173515982
"W16","2019",0.0101598173515982
"W16","2020",0.0101598173515982
"W16","2021",0.0101598173515982
"W16","2022",0.0101598173515982
"W16","2023",0.0101598173515982
"W16","2024",0.0101598173515982
"W16","2025",0.0101598173515982
"W16","2026",0.0101598173515982
"W16","2027",0.0101598173515982
"W16","2028",0.0101598173515982
"W16","2029",0.0101598173515982
"W16","2030",0.0101598173515982
"W16","2031",0.0101598173515982
"W16","2032",0.0101598173515982
"W16","2033",0.0101598173515982
"W16","2034",0.0101598173515982
"W16","2035",0.0101598173515982
"W16","2036",0.0101598173515982
"W16","2037",0.0101598173515982
"W16","2038",0.0101598173515982
"W16","2039",0.0101598173515982
"W16","2040",0.0101598173515982
"W16","2041",0.0101598173515982
"W16","2042",0.0101598173515982
"W16","2043",0.0101598173515982
"W16","2044",0.0101598173515982
"W16","2045",0.0101598173515982
"W16","2046",0.0101598173515982
"W16","2047",0.0101598173515982
"W16","2048",0.0101598173515982
"W16","2049",0.0101598173515982
"W16","2050",0.0101598173515982
"W17","2015",0.0101598173515982
"W17","2016",0.0101598173515982
"W17","2017",0.0101598173515982
"W17","2018",0.0101598173515982
"W17","2019",0.0101598173515982
"W17","2020",0.0101598173515982
"W17","2021",0.0101598173515982
"W17","2022",0.0101598173515982
"W17","2023",0.0101598173515982
"W17","2024",0.0101598173515982
"W17","2025",0.0101598173515982
"W17","2026",0.0101598173515982
"W17","2027",0.0101598173515982
"W17","2028",0.0101598173515982
"W17","2029",0.0101598173515982
"W17","2030",0.0101598173515982
"W17","2031",0.0101598173515982
"W17","2032",0.0101598173515982
"W17","2033",0.0101598173515982
"W17","2034",0.0101598173515982
"W17","2035",0.0101598173515982
"W17","2036",0.0101598173515982
"W17","2037",0.0101598173515982
"W17","2038",0.0101598173515982
"W17","2039",0.0101598173515982
"W17","2040",0.0101598173515982
"W17","2041",0.0101598173515982
"W17","2042",0.0101598173515982
"W17","2043",0.0101598173515982
"W17","2044",0.0101598173515982
"W17","2045",0.0101598173515982
"W17","2046",0.0101598173515982
"W17","2047",0.0101598173515982
"W17","2048",0.0101598173515982
"W17","2049",0.0101598173515982
"W17","2050",0.0101598173515982
"W18","2015",0.0101598173515982
"W18","2016",0.0101598173515982
"W18","2017",0.0101598173515982
"W18","2018",0.0101598173515982
"W18","2019",0.0101598173515982
"W18","2020",0.0101598173515982
"W18","2021",0.0101598173515982
"W18","2022",0.0101598173515982
"W18","2023",0.0101598173515982
"W18","2024",0.0101598173515982
"W18","2025",0.0101598173515982
"W18","2026",0.0101598173515982
"W18","2027",0.0101598173515982
"W18","2028",0.0101598173515982
"W18","2029",0.0101598173515982
"W18","2030",0.0101598173515982
"W18","2031",0.0101598173515982
"W18","2032",0.0101598173515982
"W18","2033",0.0101598173515982
"W18","2034",0.0101598173515982
"W18","2035",0.0101598173515982
"W18","2036",0.0101598173515982
"W18","2037",0.0101598173515982
"W18","2038",0.0101598173515982
"W18","2039",0.0101598173515982
"W18","2040",0.0101598173515982
"W18","2041",0.0101598173515982
"W18","2042",0.0101598173515982
"W18","2043",0.0101598173515982
"W18","2044",0.0101598173515982
"W18","2045",0.0101598173515982
"W18","2046",0.0101598173515982
"W18","2047",0.0101598173515982
"W18","2048",0.0101598173515982
"W18","2049",0.0101598173515982
"W18","2050",0.0101598173515982
"W19","2015",0.0101598173515982
"W19","2016",0.0101598173515982
"W19","2017",0.0101598173515982
"W19","2018",0.0101598173515982
"W19","2019",0.0101598173515982
"W19","2020",0.0101598173515982
"W19","2021",0.0101598173515982
"W19","2022",0.0101598173515982
"W19","2023",0.0101598173515982
"W19","2024",0.0101598173515982
"W19","2025",0.0101598173515982
"W19","2026",0.0101598173515982
"W19","2027",0.0101598173515982
"W19","2028",0.0101598173515982
"W19","2029",0.0101598173515982
"W19","2030",0.0101598173515982
"W19","2031",0.0101598173515982
"W19","2032",0.0101598173515982
"W19","2033",0.0101598173515982
"W19","2034",0.0101598173515982
"W19","2035",0.0101598173515982
"W19","2036",0.0101598173515982
"W19","2037",0.0101598173515982
"W19","2038",0.0101598173515982
"W19","2039",0.0101598173515982
"W19","2040",0.0101598173515982
"W19","2041",0.0101598173515982
"W19","2042",0.0101598173515982
"W19","2043",0.0101598173515982
"W19","2044",0.0101598173515982
"W19","2045",0.0101598173515982
"W19","2046",0.0101598173515982
"W19","2047",0.0101598173515982
"W19","2048",0.0101598173515982
"W19","2049",0.0101598173515982
"W19","2050",0.0101598173515982
"W20","2015",0.0101598173515982
"W20","2016",0.0101598173515982
"W20","2017",0.0101598173515982
"W20","2018",0.0101598173515982
"W20","2019",0.0101598173515982
"W20","2020",0.0101598173515982
"W20","2021",0.0101598173515982
"W20","2022",0.0101598173515982
"W20","2023",0.0101598173515982
"W20","2024",0.0101598173515982
"W20","2025",0.0101598173515982
"W20","2026",0.0101598173515982
"W20","2027",0.0101598173515982
"W20","2028",0.0101598173515982
"W20","2029",0.0101598173515982
"W20","2030",0.0101598173515982
"W20","2031",0.0101598173515982
"W20","2032",0.0101598173515982
"W20","2033",0.0101598173515982
"W20","2034",0.0101598173515982
"W20","2035",0.0101598173515982
"W20","2036",0.0101598173515982
"W20","2037",0.0101598173515982
"W20","2038",0.0101598173515982
"W20","2039",0.0101598173515982
"W20","2040",0.0101598173515982
"W20","2041",0.0101598173515982
"W20","2042",0.0101598173515982
"W20","2043",0.0101598173515982
"W20","2044",0.0101598173515982
"W20","2045",0.0101598173515982
"W20","2046",0.0101598173515982
"W20","2047",0.0101598173515982
"W20","2048",0.0101598173515982
"W20","2049",0.0101598173515982
"W20","2050",0.0101598173515982
"W21","2015",0.0101598173515982
"W21","2016",0.0101598173515982
"W21","2017",0.0101598173515982
"W21","2018",0.0101598173515982
"W21","2019",0.0101598173515982
"W21","2020",0.0101598173515982
"W21","2021",0.0101598173515982
"W21","2022",0.0101598173515982
"W21","2023",0.0101598173515982
"W21","2024",0.0101598173515982
"W21","2025",0.0101598173515982
"W21","2026",0.0101598173515982
"W21","2027",0.0101598173515982
"W21","2028",0.0101598173515982
"W21","2029",0.0101598173515982
"W21","2030",0.0101598173515982
"W21","2031",0.0101598173515982
"W21","2032",0.0101598173515982
"W21","2033",0.0101598173515982
"W21","2034",0.0101598173515982
"W21","2035",0.0101598173515982
"W21","2036",0.0101598173515982
"W21","2037",0.0101598173515982
"W21","2038",0.0101598173515982
"W21","2039",0.0101598173515982
"W21","2040",0.0101598173515982
"W21","2041",0.0101598173515982
"W21","2042",0.0101598173515982
"W21","2043",0.0101598173515982
"W21","2044",0.0101598173515982
"W21","2045",0.0101598173515982
"W21","2046",0.0101598173515982
"W21","2047",0.0101598173515982
"W21","2048",0.0101598173515982
"W21","2049",0.0101598173515982
"W21","2050",0.0101598173515982
"W22","2015",0.0101598173515982
"W22","2016",0.0101598173515982
"W22","2017",0.0101598173515982
"W22","2018",0.0101598173515982
"W22","2019",0.0101598173515982
"W22","2020",0.0101598173515982
"W22","2021",0.0101598173515982
"W22","2022",0.0101598173515982
"W22","2023",0.0101598173515982
"W22","2024",0.0101598173515982
"W22","2025",0.0101598173515982
"W22","2026",0.0101598173515982
"W22","2027",0.0101598173515982
"W22","2028",0.0101598173515982
"W22","2029",0.0101598173515982
"W22","2030",0.0101598173515982
"W22","2031",0.0101598173515982
"W22","2032",0.0101598173515982
"W22","2033",0.0101598173515982
"W22","2034",0.0101598173515982
"W22","2035",0.0101598173515982
"W22","2036",0.0101598173515982
"W22","2037",0.0101598173515982
"W22","2038",0.0101598173515982
"W22","2039",0.0101598173515982
"W22","2040",0.0101598173515982
"W22","2041",0.0101598173515982
"W22","2042",0.0101598173515982
"W22","2043",0.0101598173515982
"W22","2044",0.0101598173515982
"W22","2045",0.0101598173515982
"W22","2046",0.0101598173515982
"W22","2047",0.0101598173515982
"W22","2048",0.0101598173515982
"W22","2049",0.0101598173515982
"W22","2050",0.0101598173515982
"W23","2015",0.0101598173515982
"W23","2016",0.0101598173515982
"W23","2017",0.0101598173515982
"W23","2018",0.0101598173515982
"W23","2019",0.0101598173515982
"W23","2020",0.0101598173515982
"W23","2021",0.0101598173515982
"W23","2022",0.0101598173515982
"W23","2023",0.0101598173515982
"W23","2024",0.0101598173515982
"W23","2025",0.0101598173515982
"W23","2026",0.0101598173515982
"W23","2027",0.0101598173515982
"W23","2028",0.0101598173515982
"W23","2029",0.0101598173515982
"W23","2030",0.0101598173515982
"W23","2031",0.0101598173515982
"W23","2032",0.0101598173515982
"W23","2033",0.0101598173515982
"W23","2034",0.0101598173515982
"W23","2035",0.0101598173515982
"W23","2036",0.0101598173515982
"W23","2037",0.0101598173515982
"W23","2038",0.0101598173515982
"W23","2039",0.0101598173515982
"W23","2040",0.0101598173515982
"W23","2041",0.0101598173515982
"W23","2042",0.0101598173515982
"W23","2043",0.0101598173515982
"W23","2044",0.0101598173515982
"W23","2045",0.0101598173515982
"W23","2046",0.0101598173515982
"W23","2047",0.0101598173515982
"W23","2048",0.0101598173515982
"W23","2049",0.0101598173515982
"W23","2050",0.0101598173515982
"W24","2015",0.0101598173515982
"W24","2016",0.0101598173515982
"W24","2017",0.0101598173515982
"W24","2018",0.0101598173515982
"W24","2019",0.0101598173515982
"W24","2020",0.0101598173515982
"W24","2021",0.0101598173515982
"W24","2022",0.0101598173515982
"W24","2023",0.0101598173515982
"W24","2024",0.0101598173515982
"W24","2025",0.0101598173515982
"W24","2026",0.0101598173515982
"W24","2027",0.0101598173515982
"W24","2028",0.0101598173515982
"W24","2029",0.0101598173515982
"W24","2030",0.0101598173515982
"W24","2031",0.0101598173515982
"W24","2032",0.0101598173515982
"W24","2033",0.0101598173515982
"W24","2034",0.0101598173515982
"W24","2035",0.0101598173515982
"W24","2036",0.0101598173515982
"W24","2037",0.0101598173515982
"W24","2038",0.0101598173515982
"W24","2039",0.0101598173515982
"W24","2040",0.0101598173515982
"W24","2041",0.0101598173515982
"W24","2042",0.0101598173515982
"W24","2043",0.0101598173515982
"W24","2044",0.0101598173515982
"W24","2045",0.0101598173515982
"W24","2046",0.0101598173515982
"W24","2047",0.0101598173515982
"W24","2048",0.0101598173515982
"W24","2049",0.0101598173515982
"W24","2050",0.0101598173515982
"SF1","2015",0.0208904109589041
"SF1","2016",0.0208904109589041
"SF1","2017",0.0208904109589041
"SF1","2018",0.0208904109589041
"SF1","2019",0.0208904109589041
"SF1","2020",0.0208904109589041
"SF1","2021",0.0208904109589041
"SF1","2022",0.0208904109589041
"SF1","2023",0.0208904109589041
"SF1","2024",0.0208904109589041
"SF1","2025",0.0208904109589041
"SF1","2026",0.0208904109589041
"SF1","2027",0.0208904109589041
"SF1","2028",0.0208904109589041
"SF1","2029",0.0208904109589041
"SF1","2030",0.0208904109589041
"SF1","2031",0.0208904109589041
"SF1","2032",0.0208904109589041
"SF1","2033",0.0208904109589041
"SF1","2034",0.0208904109589041
"SF1","2035",0.0208904109589041
"SF1","2036",0.0208904109589041
"SF1","2037",0.0208904109589041
"SF1","2038",0.0208904109589041
"SF1","2039",0.0208904109589041
"SF1","2040",0.0208904109589041
"SF1","2041",0.0208904109589041
"SF1","2042",0.0208904109589041
"SF1","2043",0.0208904109589041
"SF1","2044",0.0208904109589041
"SF1","2045",0.0208904109589041
"SF1","2046",0.0208904109589041
"SF1","2047",0.0208904109589041
"SF1","2048",0.0208904109589041
"SF1","2049",0.0208904109589041
"SF1","2050",0.0208904109589041
"SF2","2015",0.0208904109589041
"SF2","2016",0.0208904109589041
"SF2","2017",0.0208904109589041
"SF2","2018",0.0208904109589041
"SF2","2019",0.0208904109589041
"SF2","2020",0.0208904109589041
"SF2","2021",0.0208904109589041
"SF2","2022",0.0208904109589041
"SF2","2023",0.0208904109589041
"SF2","2024",0.0208904109589041
"SF2","2025",0.0208904109589041
"SF2","2026",0.0208904109589041
"SF2","2027",0.0208904109589041
"SF2","2028",0.0208904109589041
"SF2","2029",0.0208904109589041
"SF2","2030",0.0208904109589041
"SF2","2031",0.0208904109589041
"SF2","2032",0.0208904109589041
"SF2","2033",0.0208904109589041
"SF2","2034",0.0208904109589041
"SF2","2035",0.0208904109589041
"SF2","2036",0.0208904109589041
"SF2","2037",0.0208904109589041
"SF2","2038",0.0208904109589041
"SF2","2039",0.0208904109589041
"SF2","2040",0.0208904109589041
"SF2","2041",0.0208904109589041
"SF2","2042",0.0208904109589041
"SF2","2043",0.0208904109589041
"SF2","2044",0.0208904109589041
"SF2","2045",0.0208904109589041
"SF2","2046",0.0208904109589041
"SF2","2047",0.0208904109589041
"SF2","2048",0.0208904109589041
"SF2","2049",0.0208904109589041
"SF2","2050",0.0208904109589041
"SF3","2015",0.0208904109589041
"SF3","2016",0.0208904109589041
"SF3","2017",0.0208904109589041
"SF3","2018",0.0208904109589041
"SF3","2019",0.0208904109589041
"SF3","2020",0.0208904109589041
"SF3","2021",0.0208904109589041
"SF3","2022",0.0208904109589041
"SF3","2023",0.0208904109589041
"SF3","2024",0.0208904109589041
"SF3","2025",0.0208904109589041
"SF3","2026",0.0208904109589041
"SF3","2027",0.0208904109589041
"SF3","2028",0.0208904109589041
"SF3","2029",0.0208904109589041
"SF3","2030",0.0208904109589041
"SF3","2031",0.0208904109589041
"SF3","2032",0.0208904109589041
"SF3","2033",0.0208904109589041
"SF3","2034",0.0208904109589041
"SF3","2035",0.0208904109589041
"SF3","2036",0.0208904109589041
"SF3","2037",0.0208904109589041
"SF3","2038",0.0208904109589041
"SF3","2039",0.0208904109589041
"SF3","2040",0.0208904109589041
"SF3","2041",0.0208904109589041
"SF3","2042",0.0208904109589041
"SF3","2043",0.0208904109589041
"SF3","2044",0.0208904109589041
"SF3","2045",0.0208904109589041
"SF3","2046",0.0208904109589041
"SF3","2047",0.0208904109589041
"SF3","2048",0.0208904109589041
"SF3","2049",0.0208904109589041
"SF3","2050",0.0208904109589041
"SF4","2015",0.0208904109589041
"SF4","2016",0.0208904109589041
"SF4","2017",0.0208904109589041
"SF4","2018",0.0208904109589041
"SF4","2019",0.0208904109589041
"SF4","2020",0.0208904109589041
"SF4","2021",0.0208904109589041
"SF4","2022",0.0208904109589041
"SF4","2023",0.0208904109589041
"SF4","2024",0.0208904109589041
"SF4","2025",0.0208904109589041
"SF4","2026",0.0208904109589041
"SF4","2027",0.0208904109589041
"SF4","2028",0.0208904109589041
"SF4","2029",0.0208904109589041
"SF4","2030",0.0208904109589041
"SF4","2031",0.0208904109589041
"SF4","2032",0.0208904109589041
"SF4","2033",0.0208904109589041
"SF4","2034",0.0208904109589041
"SF4","2035",0.0208904109589041
"SF4","2036",0.0208904109589041
"SF4","2037",0.0208904109589041
"SF4","2038",0.0208904109589041
"SF4","2039",0.0208904109589041
"SF4","2040",0.0208904109589041
"SF4","2041",0.0208904109589041
"SF4","2042",0.0208904109589041
"SF4","2043",0.0208904109589041
"SF4","2044",0.0208904109589041
"SF4","2045",0.0208904109589041
"SF4","2046",0.0208904109589041
"SF4","2047",0.0208904109589041
"SF4","2048",0.0208904109589041
"SF4","2049",0.0208904109589041
"SF4","2050",0.0208904109589041
"SF5","2015",0.0208904109589041
"SF5","2016",0.0208904109589041
"SF5","2017",0.0208904109589041
"SF5","2018",0.0208904109589041
"SF5","2019",0.0208904109589041
"SF5","2020",0.0208904109589041
"SF5","2021",0.0208904109589041
"SF5","2022",0.0208904109589041
"SF5","2023",0.0208904109589041
"SF5","2024",0.0208904109589041
"SF5","2025",0.0208904109589041
"SF5","2026",0.0208904109589041
"SF5","2027",0.0208904109589041
"SF5","2028",0.0208904109589041
"SF5","2029",0.0208904109589041
"SF5","2030",0.0208904109589041
"SF5","2031",0.0208904109589041
"SF5","2032",0.0208904109589041
"SF5","2033",0.0208904109589041
"SF5","2034",0.0208904109589041
"SF5","2035",0.0208904109589041
"SF5","2036",0.0208904109589041
"SF5","2037",0.0208904109589041
"SF5","2038",0.0208904109589041
"SF5","2039",0.0208904109589041
"SF5","2040",0.0208904109589041
"SF5","2041",0.0208904109589041
"SF5","2042",0.0208904109589041
"SF5","2043",0.0208904109589041
"SF5","2044",0.0208904109589041
"SF5","2045",0.0208904109589041
"SF5","2046",0.0208904109589041
"SF5","2047",0.0208904109589041
"SF5","2048",0.0208904109589041
"SF5","2049",0.0208904109589041
"SF5","2050",0.0208904109589041
"SF6","2015",0.0208904109589041
"SF6","2016",0.0208904109589041
"SF6","2017",0.0208904109589041
"SF6","2018",0.0208904109589041
"SF6","2019",0.0208904109589041
"SF6","2020",0.0208904109589041
"SF6","2021",0.0208904109589041
"SF6","2022",0.0208904109589041
"SF6","2023",0.0208904109589041
"SF6","2024",0.0208904109589041
"SF6","2025",0.0208904109589041
"SF6","2026",0.0208904109589041
"SF6","2027",0.0208904109589041
"SF6","2028",0.0208904109589041
"SF6","2029",0.0208904109589041
"SF6","2030",0.0208904109589041
"SF6","2031",0.0208904109589041
"SF6","2032",0.0208904109589041
"SF6","2033",0.0208904109589041
"SF6","2034",0.0208904109589041
"SF6","2035",0.0208904109589041
"SF6","2036",0.0208904109589041
"SF6","2037",0.0208904109589041
"SF6","2038",0.0208904109589041
"SF6","2039",0.0208904109589041
"SF6","2040",0.0208904109589041
"SF6","2041",0.0208904109589041
"SF6","2042",0.0208904109589041
"SF6","2043",0.0208904109589041
"SF6","2044",0.0208904109589041
"SF6","2045",0.0208904109589041
"SF6","2046",0.0208904109589041
"SF6","2047",0.0208904109589041
"SF6","2048",0.0208904109589041
"SF6","2049",0.0208904109589041
"SF6","2050",0.0208904109589041
"SF7","2015",0.0208904109589041
"SF7","2016",0.0208904109589041
"SF7","2017",0.0208904109589041
"SF7","2018",0.0208904109589041
"SF7","2019",0.0208904109589041
"SF7","2020",0.0208904109589041
"SF7","2021",0.0208904109589041
"SF7","2022",0.0208904109589041
"SF7","2023",0.0208904109589041
"SF7","2024",0.0208904109589041
"SF7","2025",0.0208904109589041
"SF7","2026",0.0208904109589041
"SF7","2027",0.0208904109589041
"SF7","2028",0.0208904109589041
"SF7","2029",0.0208904109589041
"SF7","2030",0.0208904109589041
"SF7","2031",0.0208904109589041
"SF7","2032",0.0208904109589041
"SF7","2033",0.0208904109589041
"SF7","2034",0.0208904109589041
"SF7","2035",0.0208904109589041
"SF7","2036",0.0208904109589041
"SF7","2037",0.0208904109589041
"SF7","2038",0.0208904109589041
"SF7","2039",0.0208904109589041
"SF7","2040",0.0208904109589041
"SF7","2041",0.0208904109589041
"SF7","2042",0.0208904109589041
"SF7","2043",0.0208904109589041
"SF7","2044",0.0208904109589041
"SF7","2045",0.0208904109589041
"SF7","2046",0.0208904109589041
"SF7","2047",0.0208904109589041
"SF7","2048",0.0208904109589041
"SF7","2049",0.0208904109589041
"SF7","2050",0.0208904109589041
"SF8","2015",0.0208904109589041
"SF8","2016",0.0208904109589041
"SF8","2017",0.0208904109589041
"SF8","2018",0.0208904109589041
"SF8","2019",0.0208904109589041
"SF8","2020",0.0208904109589041
"SF8","2021",0.0208904109589041
"SF8","2022",0.0208904109589041
"SF8","2023",0.0208904109589041
"SF8","2024",0.0208904109589041
"SF8","2025",0.0208904109589041
"SF8","2026",0.0208904109589041
"SF8","2027",0.0208904109589041
"SF8","2028",0.0208904109589041
"SF8","2029",0.0208904109589041
"SF8","2030",0.0208904109589041
"SF8","2031",0.0208904109589041
"SF8","2032",0.0208904109589041
"SF8","2033",0.0208904109589041
"SF8","2034",0.0208904109589041
"SF8","2035",0.0208904109589041
"SF8","2036",0.0208904109589041
"SF8","2037",0.0208904109589041
"SF8","2038",0.0208904109589041
"SF8","2039",0.0208904109589041
"SF8","2040",0.0208904109589041
"SF8","2041",0.0208904109589041
"SF8","2042",0.0208904109589041
"SF8","2043",0.0208904109589041
"SF8","2044",0.0208904109589041
"SF8","2045",0.0208904109589041
"SF8","2046",0.0208904109589041
"SF8","2047",0.0208904109589041
"SF8","2048",0.0208904109589041
"SF8","2049",0.0208904109589041
"SF8","2050",0.0208904109589041
"SF9","2015",0.0208904109589041
"SF9","2016",0.0208904109589041
"SF9","2017",0.0208904109589041
"SF9","2018",0.0208904109589041
"SF9","2019",0.0208904109589041
"SF9","2020",0.0208904109589041
"SF9","2021",0.0208904109589041
"SF9","2022",0.0208904109589041
"SF9","2023",0.0208904109589041
"SF9","2024",0.0208904109589041
"SF9","2025",0.0208904109589041
"SF9","2026",0.0208904109589041
"SF9","2027",0.0208904109589041
"SF9","2028",0.0208904109589041
"SF9","2029",0.0208904109589041
"SF9","2030",0.0208904109589041
"SF9","2031",0.0208904109589041
"SF9","2032",0.0208904109589041
"SF9","2033",0.0208904109589041
"SF9","2034",0.0208904109589041
"SF9","2035",0.0208904109589041
"SF9","2036",0.0208904109589041
"SF9","2037",0.0208904109589041
"SF9","2038",0.0208904109589041
"SF9","2039",0.0208904109589041
"SF9","2040",0.0208904109589041
"SF9","2041",0.0208904109589041
"SF9","2042",0.0208904109589041
"SF9","2043",0.0208904109589041
"SF9","2044",0.0208904109589041
"SF9","2045",0.0208904109589041
"SF9","2046",0.0208904109589041
"SF9","2047",0.0208904109589041
"SF9","2048",0.0208904109589041
"SF9","2049",0.0208904109589041
"SF9","2050",0.0208904109589041
"SF10","2015",0.0208904109589041
"SF10","2016",0.0208904109589041
"SF10","2017",0.0208904109589041
"SF10","2018",0.0208904109589041
"SF10","2019",0.0208904109589041
"SF10","2020",0.0208904109589041
"SF10","2021",0.0208904109589041
"SF10","2022",0.0208904109589041
"SF10","2023",0.0208904109589041
"SF10","2024",0.0208904109589041
"SF10","2025",0.0208904109589041
"SF10","2026",0.0208904109589041
"SF10","2027",0.0208904109589041
"SF10","2028",0.0208904109589041
"SF10","2029",0.0208904109589041
"SF10","2030",0.0208904109589041
"SF10","2031",0.0208904109589041
"SF10","2032",0.0208904109589041
"SF10","2033",0.0208904109589041
"SF10","2034",0.0208904109589041
"SF10","2035",0.0208904109589041
"SF10","2036",0.0208904109589041
"SF10","2037",0.0208904109589041
"SF10","2038",0.0208904109589041
"SF10","2039",0.0208904109589041
"SF10","2040",0.0208904109589041
"SF10","2041",0.0208904109589041
"SF10","2042",0.0208904109589041
"SF10","2043",0.0208904109589041
"SF10","2044",0.0208904109589041
"SF10","2045",0.0208904109589041
"SF10","2046",0.0208904109589041
"SF10","2047",0.0208904109589041
"SF10","2048",0.0208904109589041
"SF10","2049",0.0208904109589041
"SF10","2050",0.0208904109589041
"SF11","2015",0.0208904109589041
"SF11","2016",0.0208904109589041
"SF11","2017",0.0208904109589041
"SF11","2018",0.0208904109589041
"SF11","2019",0.0208904109589041
"SF11","2020",0.0208904109589041
"SF11","2021",0.0208904109589041
"SF11","2022",0.0208904109589041
"SF11","2023",0.0208904109589041
"SF11","2024",0.0208904109589041
"SF11","2025",0.0208904109589041
"SF11","2026",0.0208904109589041
"SF11","2027",0.0208904109589041
"SF11","2028",0.0208904109589041
"SF11","2029",0.0208904109589041
"SF11","2030",0.0208904109589041
"SF11","2031",0.0208904109589041
"SF11","2032",0.0208904109589041
"SF11","2033",0.0208904109589041
"SF11","2034",0.0208904109589041
"SF11","2035",0.0208904109589041
"SF11","2036",0.0208904109589041
"SF11","2037",0.0208904109589041
"SF11","2038",0.0208904109589041
"SF11","2039",0.0208904109589041
"SF11","2040",0.0208904109589041
"SF11","2041",0.0208904109589041
"SF11","2042",0.0208904109589041
"SF11","2043",0.0208904109589041
"SF11","2044",0.0208904109589041
"SF11","2045",0.0208904109589041
"SF11","2046",0.0208904109589041
"SF11","2047",0.0208904109589041
"SF11","2048",0.0208904109589041
"SF11","2049",0.0208904109589041
"SF11","2050",0.0208904109589041
"SF12","2015",0.0208904109589041
"SF12","2016",0.0208904109589041
"SF12","2017",0.0208904109589041
"SF12","2018",0.0208904109589041
"SF12","2019",0.0208904109589041
"SF12","2020",0.0208904109589041
"SF12","2021",0.0208904109589041
"SF12","2022",0.0208904109589041
"SF12","2023",0.0208904109589041
"SF12","2024",0.0208904109589041
"SF12","2025",0.0208904109589041
"SF12","2026",0.0208904109589041
"SF12","2027",0.0208904109589041
"SF12","2028",0.0208904109589041
"SF12","2029",0.0208904109589041
"SF12","2030",0.0208904109589041
"SF12","2031",0.0208904109589041
"SF12","2032",0.0208904109589041
"SF12","2033",0.0208904109589041
"SF12","2034",0.0208904109589041
"SF12","2035",0.0208904109589041
"SF12","2036",0.0208904109589041
"SF12","2037",0.0208904109589041
"SF12","2038",0.0208904109589041
"SF12","2039",0.0208904109589041
"SF12","2040",0.0208904109589041
"SF12","2041",0.0208904109589041
"SF12","2042",0.0208904109589041
"SF12","2043",0.0208904109589041
"SF12","2044",0.0208904109589041
"SF12","2045",0.0208904109589041
"SF12","2046",0.0208904109589041
"SF12","2047",0.0208904109589041
"SF12","2048",0.0208904109589041
"SF12","2049",0.0208904109589041
"SF12","2050",0.0208904109589041
"SF13","2015",0.0208904109589041
"SF13","2016",0.0208904109589041
"SF13","2017",0.0208904109589041
"SF13","2018",0.0208904109589041
"SF13","2019",0.0208904109589041
"SF13","2020",0.0208904109589041
"SF13","2021",0.0208904109589041
"SF13","2022",0.0208904109589041
"SF13","2023",0.0208904109589041
"SF13","2024",0.0208904109589041
"SF13","2025",0.0208904109589041
"SF13","2026",0.0208904109589041
"SF13","2027",0.0208904109589041
"SF13","2028",0.0208904109589041
"SF13","2029",0.0208904109589041
"SF13","2030",0.0208904109589041
"SF13","2031",0.0208904109589041
"SF13","2032",0.0208904109589041
"SF13","2033",0.0208904109589041
"SF13","2034",0.0208904109589041
"SF13","2035",0.0208904109589041
"SF13","2036",0.0208904109589041
"SF13","2037",0.0208904109589041
"SF13","2038",0.0208904109589041
"SF13","2039",0.0208904109589041
"SF13","2040",0.0208904109589041
"SF13","2041",0.0208904109589041
"SF13","2042",0.0208904109589041
"SF13","2043",0.0208904109589041
"SF13","2044",0.0208904109589041
"SF13","2045",0.0208904109589041
"SF13","2046",0.0208904109589041
"SF13","2047",0.0208904109589041
"SF13","2048",0.0208904109589041
"SF13","2049",0.0208904109589041
"SF13","2050",0.0208904109589041
"SF14","2015",0.0208904109589041
"SF14","2016",0.0208904109589041
"SF14","2017",0.0208904109589041
"SF14","2018",0.0208904109589041
"SF14","2019",0.0208904109589041
"SF14","2020",0.0208904109589041
"SF14","2021",0.0208904109589041
"SF14","2022",0.0208904109589041
"SF14","2023",0.0208904109589041
"SF14","2024",0.0208904109589041
"SF14","2025",0.0208904109589041
"SF14","2026",0.0208904109589041
"SF14","2027",0.0208904109589041
"SF14","2028",0.0208904109589041
"SF14","2029",0.0208904109589041
"SF14","2030",0.0208904109589041
"SF14","2031",0.0208904109589041
"SF14","2032",0.0208904109589041
"SF14","2033",0.0208904109589041
"SF14","2034",0.0208904109589041
"SF14","2035",0.0208904109589041
"SF14","2036",0.0208904109589041
"SF14","2037",0.0208904109589041
"SF14","2038",0.0208904109589041
"SF14","2039",0.0208904109589041
"SF14","2040",0.0208904109589041
"SF14","2041",0.0208904109589041
"SF14","2042",0.0208904109589041
"SF14","2043",0.0208904109589041
"SF14","2044",0.0208904109589041
"SF14","2045",0.0208904109589041
"SF14","2046",0.0208904109589041
"SF14","2047",0.0208904109589041
"SF14","2048",0.0208904109589041
"SF14","2049",0.0208904109589041
"SF14","2050",0.0208904109589041
"SF15","2015",0.0208904109589041
"SF15","2016",0.0208904109589041
"SF15","2017",0.0208904109589041
"SF15","2018",0.0208904109589041
"SF15","2019",0.0208904109589041
"SF15","2020",0.0208904109589041
"SF15","2021",0.0208904109589041
"SF15","2022",0.0208904109589041
"SF15","2023",0.0208904109589041
"SF15","2024",0.0208904109589041
"SF15","2025",0.0208904109589041
"SF15","2026",0.0208904109589041
"SF15","2027",0.0208904109589041
"SF15","2028",0.0208904109589041
"SF15","2029",0.0208904109589041
"SF15","2030",0.0208904109589041
"SF15","2031",0.0208904109589041
"SF15","2032",0.0208904109589041
"SF15","2033",0.0208904109589041
"SF15","2034",0.0208904109589041
"SF15","2035",0.0208904109589041
"SF15","2036",0.0208904109589041
"SF15","2037",0.0208904109589041
"SF15","2038",0.0208904109589041
"SF15","2039",0.0208904109589041
"SF15","2040",0.0208904109589041
"SF15","2041",0.0208904109589041
"SF15","2042",0.0208904109589041
"SF15","2043",0.0208904109589041
"SF15","2044",0.0208904109589041
"SF15","2045",0.0208904109589041
"SF15","2046",0.0208904109589041
"SF15","2047",0.0208904109589041
"SF15","2048",0.0208904109589041
"SF15","2049",0.0208904109589041
"SF15","2050",0.0208904109589041
"SF16","2015",0.0208904109589041
"SF16","2016",0.0208904109589041
"SF16","2017",0.0208904109589041
"SF16","2018",0.0208904109589041
"SF16","2019",0.0208904109589041
"SF16","2020",0.0208904109589041
"SF16","2021",0.0208904109589041
"SF16","2022",0.0208904109589041
"SF16","2023",0.0208904109589041
"SF16","2024",0.0208904109589041
"SF16","2025",0.0208904109589041
"SF16","2026",0.0208904109589041
"SF16","2027",0.0208904109589041
"SF16","2028",0.0208904109589041
"SF16","2029",0.0208904109589041
"SF16","2030",0.0208904109589041
"SF16","2031",0.0208904109589041
"SF16","2032",0.0208904109589041
"SF16","2033",0.0208904109589041
"SF16","2034",0.0208904109589041
"SF16","2035",0.0208904109589041
"SF16","2036",0.0208904109589041
"SF16","2037",0.0208904109589041
"SF16","2038",0.0208904109589041
"SF16","2039",0.0208904109589041
"SF16","2040",0.0208904109589041
"SF16","2041",0.0208904109589041
"SF16","2042",0.0208904109589041
"SF16","2043",0.0208904109589041
"SF16","2044",0.0208904109589041
"SF16","2045",0.0208904109589041
"SF16","2046",0.0208904109589041
"SF16","2047",0.0208904109589041
"SF16","2048",0.0208904109589041
"SF16","2049",0.0208904109589041
"SF16","2050",0.0208904109589041
"SF17","2015",0.0208904109589041
"SF17","2016",0.0208904109589041
"SF17","2017",0.0208904109589041
"SF17","2018",0.0208904109589041
"SF17","2019",0.0208904109589041
"SF17","2020",0.0208904109589041
"SF17","2021",0.0208904109589041
"SF17","2022",0.0208904109589041
"SF17","2023",0.0208904109589041
"SF17","2024",0.0208904109589041
"SF17","2025",0.0208904109589041
"SF17","2026",0.0208904109589041
"SF17","2027",0.0208904109589041
"SF17","2028",0.0208904109589041
"SF17","2029",0.0208904109589041
"SF17","2030",0.0208904109589041
"SF17","2031",0.0208904109589041
"SF17","2032",0.0208904109589041
"SF17","2033",0.0208904109589041
"SF17","2034",0.0208904109589041
"SF17","2035",0.0208904109589041
"SF17","2036",0.0208904109589041
"SF17","2037",0.0208904109589041
"SF17","2038",0.0208904109589041
"SF17","2039",0.0208904109589041
"SF17","2040",0.0208904109589041
"SF17","2041",0.0208904109589041
"SF17","2042",0.0208904109589041
"SF17","2043",0.0208904109589041
"SF17","2044",0.0208904109589041
"SF17","2045",0.0208904109589041
"SF17","2046",0.0208904109589041
"SF17","2047",0.0208904109589041
"SF17","2048",0.0208904109589041
"SF17","2049",0.0208904109589041
"SF17","2050",0.0208904109589041
"SF18","2015",0.0208904109589041
"SF18","2016",0.0208904109589041
"SF18","2017",0.0208904109589041
"SF18","2018",0.0208904109589041
"SF18","2019",0.0208904109589041
"SF18","2020",0.0208904109589041
"SF18","2021",0.0208904109589041
"SF18","2022",0.0208904109589041
"SF18","2023",0.0208904109589041
"SF18","2024",0.0208904109589041
"SF18","2025",0.0208904109589041
"SF18","2026",0.0208904109589041
"SF18","2027",0.0208904109589041
"SF18","2028",0.0208904109589041
"SF18","2029",0.0208904109589041
"SF18","2030",0.0208904109589041
"SF18","2031",0.0208904109589041
"SF18","2032",0.0208904109589041
"SF18","2033",0.0208904109589041
"SF18","2034",0.0208904109589041
"SF18","2035",0.0208904109589041
"SF18","2036",0.0208904109589041
"SF18","2037",0.0208904109589041
"SF18","2038",0.0208904109589041
"SF18","2039",0.0208904109589041
"SF18","2040",0.0208904109589041
"SF18","2041",0.0208904109589041
"SF18","2042",0.0208904109589041
"SF18","2043",0.0208904109589041
"SF18","2044",0.0208904109589041
"SF18","2045",0.0208904109589041
"SF18","2046",0.0208904109589041
"SF18","2047",0.0208904109589041
"SF18","2048",0.0208904109589041
"SF18","2049",0.0208904109589041
"SF18","2050",0.0208904109589041
"SF19","2015",0.0208904109589041
"SF19","2016",0.0208904109589041
"SF19","2017",0.0208904109589041
"SF19","2018",0.0208904109589041
"SF19","2019",0.0208904109589041
"SF19","2020",0.0208904109589041
"SF19","2021",0.0208904109589041
"SF19","2022",0.0208904109589041
"SF19","2023",0.0208904109589041
"SF19","2024",0.0208904109589041
"SF19","2025",0.0208904109589041
"SF19","2026",0.0208904109589041
"SF19","2027",0.0208904109589041
"SF19","2028",0.0208904109589041
"SF19","2029",0.0208904109589041
"SF19","2030",0.0208904109589041
"SF19","2031",0.0208904109589041
"SF19","2032",0.0208904109589041
"SF19","2033",0.0208904109589041
"SF19","2034",0.0208904109589041
"SF19","2035",0.0208904109589041
"SF19","2036",0.0208904109589041
"SF19","2037",0.0208904109589041
"SF19","2038",0.0208904109589041
"SF19","2039",0.0208904109589041
"SF19","2040",0.0208904109589041
"SF19","2041",0.0208904109589041
"SF19","2042",0.0208904109589041
"SF19","2043",0.0208904109589041
"SF19","2044",0.0208904109589041
"SF19","2045",0.0208904109589041
"SF19","2046",0.0208904109589041
"SF19","2047",0.0208904109589041
"SF19","2048",0.0208904109589041
"SF19","2049",0.0208904109589041
"SF19","2050",0.0208904109589041
"SF20","2015",0.0208904109589041
"SF20","2016",0.0208904109589041
"SF20","2017",0.0208904109589041
"SF20","2018",0.0208904109589041
"SF20","2019",0.0208904109589041
"SF20","2020",0.0208904109589041
"SF20","2021",0.0208904109589041
"SF20","2022",0.0208904109589041
"SF20","2023",0.0208904109589041
"SF20","2024",0.0208904109589041
"SF20","2025",0.0208904109589041
"SF20","2026",0.0208904109589041
"SF20","2027",0.0208904109589041
"SF20","2028",0.0208904109589041
"SF20","2029",0.0208904109589041
"SF20","2030",0.0208904109589041
"SF20","2031",0.0208904109589041
"SF20","2032",0.0208904109589041
"SF20","2033",0.0208904109589041
"SF20","2034",0.0208904109589041
"SF20","2035",0.0208904109589041
"SF20","2036",0.0208904109589041
"SF20","2037",0.0208904109589041
"SF20","2038",0.0208904109589041
"SF20","2039",0.0208904109589041
"SF20","2040",0.0208904109589041
"SF20","2041",0.0208904109589041
"SF20","2042",0.0208904109589041
"SF20","2043",0.0208904109589041
"SF20","2044",0.0208904109589041
"SF20","2045",0.0208904109589041
"SF20","2046",0.0208904109589041
"SF20","2047",0.0208904109589041
"SF20","2048",0.0208904109589041
"SF20","2049",0.0208904109589041
"SF20","2050",0.0208904109589041
"SF21","2015",0.0208904109589041
"SF21","2016",0.0208904109589041
"SF21","2017",0.0208904109589041
"SF21","2018",0.0208904109589041
"SF21","2019",0.0208904109589041
"SF21","2020",0.0208904109589041
"SF21","2021",0.0208904109589041
"SF21","2022",0.0208904109589041
"SF21","2023",0.0208904109589041
"SF21","2024",0.0208904109589041
"SF21","2025",0.0208904109589041
"SF21","2026",0.0208904109589041
"SF21","2027",0.0208904109589041
"SF21","2028",0.0208904109589041
"SF21","2029",0.0208904109589041
"SF21","2030",0.0208904109589041
"SF21","2031",0.0208904109589041
"SF21","2032",0.0208904109589041
"SF21","2033",0.0208904109589041
"SF21","2034",0.0208904109589041
"SF21","2035",0.0208904109589041
"SF21","2036",0.0208904109589041
"SF21","2037",0.0208904109589041
"SF21","2038",0.0208904109589041
"SF21","2039",0.0208904109589041
"SF21","2040",0.0208904109589041
"SF21","2041",0.0208904109589041
"SF21","2042",0.0208904109589041
"SF21","2043",0.0208904109589041
"SF21","2044",0.0208904109589041
"SF21","2045",0.0208904109589041
"SF21","2046",0.0208904109589041
"SF21","2047",0.0208904109589041
"SF21","2048",0.0208904109589041
"SF21","2049",0.0208904109589041
"SF21","2050",0.0208904109589041
"SF22","2015",0.0208904109589041
"SF22","2016",0.0208904109589041
"SF22","2017",0.0208904109589041
"SF22","2018",0.0208904109589041
"SF22","2019",0.0208904109589041
"SF22","2020",0.0208904109589041
"SF22","2021",0.0208904109589041
"SF22","2022",0.0208904109589041
"SF22","2023",0.0208904109589041
"SF22","2024",0.0208904109589041
"SF22","2025",0.0208904109589041
"SF22","2026",0.0208904109589041
"SF22","2027",0.0208904109589041
"SF22","2028",0.0208904109589041
"SF22","2029",0.0208904109589041
"SF22","2030",0.0208904109589041
"SF22","2031",0.0208904109589041
"SF22","2032",0.0208904109589041
"SF22","2033",0.0208904109589041
"SF22","2034",0.0208904109589041
"SF22","2035",0.0208904109589041
"SF22","2036",0.0208904109589041
"SF22","2037",0.0208904109589041
"SF22","2038",0.0208904109589041
"SF22","2039",0.0208904109589041
"SF22","2040",0.0208904109589041
"SF22","2041",0.0208904109589041
"SF22","2042",0.0208904109589041
"SF22","2043",0.0208904109589041
"SF22","2044",0.0208904109589041
"SF22","2045",0.0208904109589041
"SF22","2046",0.0208904109589041
"SF22","2047",0.0208904109589041
"SF22","2048",0.0208904109589041
"SF22","2049",0.0208904109589041
"SF22","2050",0.0208904109589041
"SF23","2015",0.0208904109589041
"SF23","2016",0.0208904109589041
"SF23","2017",0.0208904109589041
"SF23","2018",0.0208904109589041
"SF23","2019",0.0208904109589041
"SF23","2020",0.0208904109589041
"SF23","2021",0.0208904109589041
"SF23","2022",0.0208904109589041
"SF23","2023",0.0208904109589041
"SF23","2024",0.0208904109589041
"SF23","2025",0.0208904109589041
"SF23","2026",0.0208904109589041
"SF23","2027",0.0208904109589041
"SF23","2028",0.0208904109589041
"SF23","2029",0.0208904109589041
"SF23","2030",0.0208904109589041
"SF23","2031",0.0208904109589041
"SF23","2032",0.0208904109589041
"SF23","2033",0.0208904109589041
"SF23","2034",0.0208904109589041
"SF23","2035",0.0208904109589041
"SF23","2036",0.0208904109589041
"SF23","2037",0.0208904109589041
"SF23","2038",0.0208904109589041
"SF23","2039",0.0208904109589041
"SF23","2040",0.0208904109589041
"SF23","2041",0.0208904109589041
"SF23","2042",0.0208904109589041
"SF23","2043",0.0208904109589041
"SF23","2044",0.0208904109589041
"SF23","2045",0.0208904109589041
"SF23","2046",0.0208904109589041
"SF23","2047",0.0208904109589041
"SF23","2048",0.0208904109589041
"SF23","2049",0.0208904109589041
"SF23","2050",0.0208904109589041
"SF24","2015",0.0208904109589041
"SF24","2016",0.0208904109589041
"SF24","2017",0.0208904109589041
"SF24","2018",0.0208904109589041
"SF24","2019",0.0208904109589041
"SF24","2020",0.0208904109589041
"SF24","2021",0.0208904109589041
"SF24","2022",0.0208904109589041
"SF24","2023",0.0208904109589041
"SF24","2024",0.0208904109589041
"SF24","2025",0.0208904109589041
"SF24","2026",0.0208904109589041
"SF24","2027",0.0208904109589041
"SF24","2028",0.0208904109589041
"SF24","2029",0.0208904109589041
"SF24","2030",0.0208904109589041
"SF24","2031",0.0208904109589041
"SF24","2032",0.0208904109589041
"SF24","2033",0.0208904109589041
"SF24","2034",0.0208904109589041
"SF24","2035",0.0208904109589041
"SF24","2036",0.0208904109589041
"SF24","2037",0.0208904109589041
"SF24","2038",0.0208904109589041
"SF24","2039",0.0208904109589041
"SF24","2040",0.0208904109589041
"SF24","2041",0.0208904109589041
"SF24","2042",0.0208904109589041
"SF24","2043",0.0208904109589041
"SF24","2044",0.0208904109589041
"SF24","2045",0.0208904109589041
"SF24","2046",0.0208904109589041
"SF24","2047",0.0208904109589041
"SF24","2048",0.0208904109589041
"SF24","2049",0.0208904109589041
"SF24","2050",0.0208904109589041
"S1","2015",0.0106164383561644
"S1","2016",0.0106164383561644
"S1","2017",0.0106164383561644
"S1","2018",0.0106164383561644
"S1","2019",0.0106164383561644
"S1","2020",0.0106164383561644
"S1","2021",0.0106164383561644
"S1","2022",0.0106164383561644
"S1","2023",0.0106164383561644
"S1","2024",0.0106164383561644
"S1","2025",0.0106164383561644
"S1","2026",0.0106164383561644
"S1","2027",0.0106164383561644
"S1","2028",0.0106164383561644
"S1","2029",0.0106164383561644
"S1","2030",0.0106164383561644
"S1","2031",0.0106164383561644
"S1","2032",0.0106164383561644
"S1","2033",0.0106164383561644
"S1","2034",0.0106164383561644
"S1","2035",0.0106164383561644
"S1","2036",0.0106164383561644
"S1","2037",0.0106164383561644
"S1","2038",0.0106164383561644
"S1","2039",0.0106164383561644
"S1","2040",0.0106164383561644
"S1","2041",0.0106164383561644
"S1","2042",0.0106164383561644
"S1","2043",0.0106164383561644
"S1","2044",0.0106164383561644
"S1","2045",0.0106164383561644
"S1","2046",0.0106164383561644
"S1","2047",0.0106164383561644
"S1","2048",0.0106164383561644
"S1","2049",0.0106164383561644
"S1","2050",0.0106164383561644
"S2","2015",0.0106164383561644
"S2","2016",0.0106164383561644
"S2","2017",0.0106164383561644
"S2","2018",0.0106164383561644
"S2","2019",0.0106164383561644
"S2","2020",0.0106164383561644
"S2","2021",0.0106164383561644
"S2","2022",0.0106164383561644
"S2","2023",0.0106164383561644
"S2","2024",0.0106164383561644
"S2","2025",0.0106164383561644
"S2","2026",0.0106164383561644
"S2","2027",0.0106164383561644
"S2","2028",0.0106164383561644
"S2","2029",0.0106164383561644
"S2","2030",0.0106164383561644
"S2","2031",0.0106164383561644
"S2","2032",0.0106164383561644
"S2","2033",0.0106164383561644
"S2","2034",0.0106164383561644
"S2","2035",0.0106164383561644
"S2","2036",0.0106164383561644
"S2","2037",0.0106164383561644
"S2","2038",0.0106164383561644
"S2","2039",0.0106164383561644
"S2","2040",0.0106164383561644
"S2","2041",0.0106164383561644
"S2","2042",0.0106164383561644
"S2","2043",0.0106164383561644
"S2","2044",0.0106164383561644
"S2","2045",0.0106164383561644
"S2","2046",0.0106164383561644
"S2","2047",0.0106164383561644
"S2","2048",0.0106164383561644
"S2","2049",0.0106164383561644
"S2","2050",0.0106164383561644
"S3","2015",0.0106164383561644
"S3","2016",0.0106164383561644
"S3","2017",0.0106164383561644
"S3","2018",0.0106164383561644
"S3","2019",0.0106164383561644
"S3","2020",0.0106164383561644
"S3","2021",0.0106164383561644
"S3","2022",0.0106164383561644
"S3","2023",0.0106164383561644
"S3","2024",0.0106164383561644
"S3","2025",0.0106164383561644
"S3","2026",0.0106164383561644
"S3","2027",0.0106164383561644
"S3","2028",0.0106164383561644
"S3","2029",0.0106164383561644
"S3","2030",0.0106164383561644
"S3","2031",0.0106164383561644
"S3","2032",0.0106164383561644
"S3","2033",0.0106164383561644
"S3","2034",0.0106164383561644
"S3","2035",0.0106164383561644
"S3","2036",0.0106164383561644
"S3","2037",0.0106164383561644
"S3","2038",0.0106164383561644
"S3","2039",0.0106164383561644
"S3","2040",0.0106164383561644
"S3","2041",0.0106164383561644
"S3","2042",0.0106164383561644
"S3","2043",0.0106164383561644
"S3","2044",0.0106164383561644
"S3","2045",0.0106164383561644
"S3","2046",0.0106164383561644
"S3","2047",0.0106164383561644
"S3","2048",0.0106164383561644
"S3","2049",0.0106164383561644
"S3","2050",0.0106164383561644
"S4","2015",0.0106164383561644
"S4","2016",0.0106164383561644
"S4","2017",0.0106164383561644
"S4","2018",0.0106164383561644
"S4","2019",0.0106164383561644
"S4","2020",0.0106164383561644
"S4","2021",0.0106164383561644
"S4","2022",0.0106164383561644
"S4","2023",0.0106164383561644
"S4","2024",0.0106164383561644
"S4","2025",0.0106164383561644
"S4","2026",0.0106164383561644
"S4","2027",0.0106164383561644
"S4","2028",0.0106164383561644
"S4","2029",0.0106164383561644
"S4","2030",0.0106164383561644
"S4","2031",0.0106164383561644
"S4","2032",0.0106164383561644
"S4","2033",0.0106164383561644
"S4","2034",0.0106164383561644
"S4","2035",0.0106164383561644
"S4","2036",0.0106164383561644
"S4","2037",0.0106164383561644
"S4","2038",0.0106164383561644
"S4","2039",0.0106164383561644
"S4","2040",0.0106164383561644
"S4","2041",0.0106164383561644
"S4","2042",0.0106164383561644
"S4","2043",0.0106164383561644
"S4","2044",0.0106164383561644
"S4","2045",0.0106164383561644
"S4","2046",0.0106164383561644
"S4","2047",0.0106164383561644
"S4","2048",0.0106164383561644
"S4","2049",0.0106164383561644
"S4","2050",0.0106164383561644
"S5","2015",0.0106164383561644
"S5","2016",0.0106164383561644
"S5","2017",0.0106164383561644
"S5","2018",0.0106164383561644
"S5","2019",0.0106164383561644
"S5","2020",0.0106164383561644
"S5","2021",0.0106164383561644
"S5","2022",0.0106164383561644
"S5","2023",0.0106164383561644
"S5","2024",0.0106164383561644
"S5","2025",0.0106164383561644
"S5","2026",0.0106164383561644
"S5","2027",0.0106164383561644
"S5","2028",0.0106164383561644
"S5","2029",0.0106164383561644
"S5","2030",0.0106164383561644
"S5","2031",0.0106164383561644
"S5","2032",0.0106164383561644
"S5","2033",0.0106164383561644
"S5","2034",0.0106164383561644
"S5","2035",0.0106164383561644
"S5","2036",0.0106164383561644
"S5","2037",0.0106164383561644
"S5","2038",0.0106164383561644
"S5","2039",0.0106164383561644
"S5","2040",0.0106164383561644
"S5","2041",0.0106164383561644
"S5","2042",0.0106164383561644
"S5","2043",0.0106164383561644
"S5","2044",0.0106164383561644
"S5","2045",0.0106164383561644
"S5","2046",0.0106164383561644
"S5","2047",0.0106164383561644
"S5","2048",0.0106164383561644
"S5","2049",0.0106164383561644
"S5","2050",0.0106164383561644
"S6","2015",0.0106164383561644
"S6","2016",0.0106164383561644
"S6","2017",0.0106164383561644
"S6","2018",0.0106164383561644
"S6","2019",0.0106164383561644
"S6","2020",0.0106164383561644
"S6","2021",0.0106164383561644
"S6","2022",0.0106164383561644
"S6","2023",0.0106164383561644
"S6","2024",0.0106164383561644
"S6","2025",0.0106164383561644
"S6","2026",0.0106164383561644
"S6","2027",0.0106164383561644
"S6","2028",0.0106164383561644
"S6","2029",0.0106164383561644
"S6","2030",0.0106164383561644
"S6","2031",0.0106164383561644
"S6","2032",0.0106164383561644
"S6","2033",0.0106164383561644
"S6","2034",0.0106164383561644
"S6","2035",0.0106164383561644
"S6","2036",0.0106164383561644
"S6","2037",0.0106164383561644
"S6","2038",0.0106164383561644
"S6","2039",0.0106164383561644
"S6","2040",0.0106164383561644
"S6","2041",0.0106164383561644
"S6","2042",0.0106164383561644
"S6","2043",0.0106164383561644
"S6","2044",0.0106164383561644
"S6","2045",0.0106164383561644
"S6","2046",0.0106164383561644
"S6","2047",0.0106164383561644
"S6","2048",0.0106164383561644
"S6","2049",0.0106164383561644
"S6","2050",0.0106164383561644
"S7","2015",0.0106164383561644
"S7","2016",0.0106164383561644
"S7","2017",0.0106164383561644
"S7","2018",0.0106164383561644
"S7","2019",0.0106164383561644
"S7","2020",0.0106164383561644
"S7","2021",0.0106164383561644
"S7","2022",0.0106164383561644
"S7","2023",0.0106164383561644
"S7","2024",0.0106164383561644
"S7","2025",0.0106164383561644
"S7","2026",0.0106164383561644
"S7","2027",0.0106164383561644
"S7","2028",0.0106164383561644
"S7","2029",0.0106164383561644
"S7","2030",0.0106164383561644
"S7","2031",0.0106164383561644
"S7","2032",0.0106164383561644
"S7","2033",0.0106164383561644
"S7","2034",0.0106164383561644
"S7","2035",0.0106164383561644
"S7","2036",0.0106164383561644
"S7","2037",0.0106164383561644
"S7","2038",0.0106164383561644
"S7","2039",0.0106164383561644
"S7","2040",0.0106164383561644
"S7","2041",0.0106164383561644
"S7","2042",0.0106164383561644
"S7","2043",0.0106164383561644
"S7","2044",0.0106164383561644
"S7","2045",0.0106164383561644
"S7","2046",0.0106164383561644
"S7","2047",0.0106164383561644
"S7","2048",0.0106164383561644
"S7","2049",0.0106164383561644
"S7","2050",0.0106164383561644
"S8","2015",0.0106164383561644
"S8","2016",0.0106164383561644
"S8","2017",0.0106164383561644
"S8","2018",0.0106164383561644
"S8","2019",0.0106164383561644
"S8","2020",0.0106164383561644
"S8","2021",0.0106164383561644
"S8","2022",0.0106164383561644
"S8","2023",0.0106164383561644
"S8","2024",0.0106164383561644
"S8","2025",0.0106164383561644
"S8","2026",0.0106164383561644
"S8","2027",0.0106164383561644
"S8","2028",0.0106164383561644
"S8","2029",0.0106164383561644
"S8","2030",0.0106164383561644
"S8","2031",0.0106164383561644
"S8","2032",0.0106164383561644
"S8","2033",0.0106164383561644
"S8","2034",0.0106164383561644
"S8","2035",0.0106164383561644
"S8","2036",0.0106164383561644
"S8","2037",0.0106164383561644
"S8","2038",0.0106164383561644
"S8","2039",0.0106164383561644
"S8","2040",0.0106164383561644
"S8","2041",0.0106164383561644
"S8","2042",0.0106164383561644
"S8","2043",0.0106164383561644
"S8","2044",0.0106164383561644
"S8","2045",0.0106164383561644
"S8","2046",0.0106164383561644
"S8","2047",0.0106164383561644
"S8","2048",0.0106164383561644
"S8","2049",0.0106164383561644
"S8","2050",0.0106164383561644
"S9","2015",0.0106164383561644
"S9","2016",0.0106164383561644
"S9","2017",0.0106164383561644
"S9","2018",0.0106164383561644
"S9","2019",0.0106164383561644
"S9","2020",0.0106164383561644
"S9","2021",0.0106164383561644
"S9","2022",0.0106164383561644
"S9","2023",0.0106164383561644
"S9","2024",0.0106164383561644
"S9","2025",0.0106164383561644
"S9","2026",0.0106164383561644
"S9","2027",0.0106164383561644
"S9","2028",0.0106164383561644
"S9","2029",0.0106164383561644
"S9","2030",0.0106164383561644
"S9","2031",0.0106164383561644
"S9","2032",0.0106164383561644
"S9","2033",0.0106164383561644
"S9","2034",0.0106164383561644
"S9","2035",0.0106164383561644
"S9","2036",0.0106164383561644
"S9","2037",0.0106164383561644
"S9","2038",0.0106164383561644
"S9","2039",0.0106164383561644
"S9","2040",0.0106164383561644
"S9","2041",0.0106164383561644
"S9","2042",0.0106164383561644
"S9","2043",0.0106164383561644
"S9","2044",0.0106164383561644
"S9","2045",0.0106164383561644
"S9","2046",0.0106164383561644
"S9","2047",0.0106164383561644
"S9","2048",0.0106164383561644
"S9","2049",0.0106164383561644
"S9","2050",0.0106164383561644
"S10","2015",0.0106164383561644
"S10","2016",0.0106164383561644
"S10","2017",0.0106164383561644
"S10","2018",0.0106164383561644
"S10","2019",0.0106164383561644
"S10","2020",0.0106164383561644
"S10","2021",0.0106164383561644
"S10","2022",0.0106164383561644
"S10","2023",0.0106164383561644
"S10","2024",0.0106164383561644
"S10","2025",0.0106164383561644
"S10","2026",0.0106164383561644
"S10","2027",0.0106164383561644
"S10","2028",0.0106164383561644
"S10","2029",0.0106164383561644
"S10","2030",0.0106164383561644
"S10","2031",0.0106164383561644
"S10","2032",0.0106164383561644
"S10","2033",0.0106164383561644
"S10","2034",0.0106164383561644
"S10","2035",0.0106164383561644
"S10","2036",0.0106164383561644
"S10","2037",0.0106164383561644
"S10","2038",0.0106164383561644
"S10","2039",0.0106164383561644
"S10","2040",0.0106164383561644
"S10","2041",0.0106164383561644
"S10","2042",0.0106164383561644
"S10","2043",0.0106164383561644
"S10","2044",0.0106164383561644
"S10","2045",0.0106164383561644
"S10","2046",0.0106164383561644
"S10","2047",0.0106164383561644
"S10","2048",0.0106164383561644
"S10","2049",0.0106164383561644
"S10","2050",0.0106164383561644
"S11","2015",0.0106164383561644
"S11","2016",0.0106164383561644
"S11","2017",0.0106164383561644
"S11","2018",0.0106164383561644
"S11","2019",0.0106164383561644
"S11","2020",0.0106164383561644
"S11","2021",0.0106164383561644
"S11","2022",0.0106164383561644
"S11","2023",0.0106164383561644
"S11","2024",0.0106164383561644
"S11","2025",0.0106164383561644
"S11","2026",0.0106164383561644
"S11","2027",0.0106164383561644
"S11","2028",0.0106164383561644
"S11","2029",0.0106164383561644
"S11","2030",0.0106164383561644
"S11","2031",0.0106164383561644
"S11","2032",0.0106164383561644
"S11","2033",0.0106164383561644
"S11","2034",0.0106164383561644
"S11","2035",0.0106164383561644
"S11","2036",0.0106164383561644
"S11","2037",0.0106164383561644
"S11","2038",0.0106164383561644
"S11","2039",0.0106164383561644
"S11","2040",0.0106164383561644
"S11","2041",0.0106164383561644
"S11","2042",0.0106164383561644
"S11","2043",0.0106164383561644
"S11","2044",0.0106164383561644
"S11","2045",0.0106164383561644
"S11","2046",0.0106164383561644
"S11","2047",0.0106164383561644
"S11","2048",0.0106164383561644
"S11","2049",0.0106164383561644
"S11","2050",0.0106164383561644
"S12","2015",0.0106164383561644
"S12","2016",0.0106164383561644
"S12","2017",0.0106164383561644
"S12","2018",0.0106164383561644
"S12","2019",0.0106164383561644
"S12","2020",0.0106164383561644
"S12","2021",0.0106164383561644
"S12","2022",0.0106164383561644
"S12","2023",0.0106164383561644
"S12","2024",0.0106164383561644
"S12","2025",0.0106164383561644
"S12","2026",0.0106164383561644
"S12","2027",0.0106164383561644
"S12","2028",0.0106164383561644
"S12","2029",0.0106164383561644
"S12","2030",0.0106164383561644
"S12","2031",0.0106164383561644
"S12","2032",0.0106164383561644
"S12","2033",0.0106164383561644
"S12","2034",0.0106164383561644
"S12","2035",0.0106164383561644
"S12","2036",0.0106164383561644
"S12","2037",0.0106164383561644
"S12","2038",0.0106164383561644
"S12","2039",0.0106164383561644
"S12","2040",0.0106164383561644
"S12","2041",0.0106164383561644
"S12","2042",0.0106164383561644
"S12","2043",0.0106164383561644
"S12","2044",0.0106164383561644
"S12","2045",0.0106164383561644
"S12","2046",0.0106164383561644
"S12","2047",0.0106164383561644
"S12","2048",0.0106164383561644
"S12","2049",0.0106164383561644
"S12","2050",0.0106164383561644
"S13","2015",0.0106164383561644
"S13","2016",0.0106164383561644
"S13","2017",0.0106164383561644
"S13","2018",0.0106164383561644
"S13","2019",0.0106164383561644
"S13","2020",0.0106164383561644
"S13","2021",0.0106164383561644
"S13","2022",0.0106164383561644
"S13","2023",0.0106164383561644
"S13","2024",0.0106164383561644
"S13","2025",0.0106164383561644
"S13","2026",0.0106164383561644
"S13","2027",0.0106164383561644
"S13","2028",0.0106164383561644
"S13","2029",0.0106164383561644
"S13","2030",0.0106164383561644
"S13","2031",0.0106164383561644
"S13","2032",0.0106164383561644
"S13","2033",0.0106164383561644
"S13","2034",0.0106164383561644
"S13","2035",0.0106164383561644
"S13","2036",0.0106164383561644
"S13","2037",0.0106164383561644
"S13","2038",0.0106164383561644
"S13","2039",0.0106164383561644
"S13","2040",0.0106164383561644
"S13","2041",0.0106164383561644
"S13","2042",0.0106164383561644
"S13","2043",0.0106164383561644
"S13","2044",0.0106164383561644
"S13","2045",0.0106164383561644
"S13","2046",0.0106164383561644
"S13","2047",0.0106164383561644
"S13","2048",0.0106164383561644
"S13","2049",0.0106164383561644
"S13","2050",0.0106164383561644
"S14","2015",0.0106164383561644
"S14","2016",0.0106164383561644
"S14","2017",0.0106164383561644
"S14","2018",0.0106164383561644
"S14","2019",0.0106164383561644
"S14","2020",0.0106164383561644
"S14","2021",0.0106164383561644
"S14","2022",0.0106164383561644
"S14","2023",0.0106164383561644
"S14","2024",0.0106164383561644
"S14","2025",0.0106164383561644
"S14","2026",0.0106164383561644
"S14","2027",0.0106164383561644
"S14","2028",0.0106164383561644
"S14","2029",0.0106164383561644
"S14","2030",0.0106164383561644
"S14","2031",0.0106164383561644
"S14","2032",0.0106164383561644
"S14","2033",0.0106164383561644
"S14","2034",0.0106164383561644
"S14","2035",0.0106164383561644
"S14","2036",0.0106164383561644
"S14","2037",0.0106164383561644
"S14","2038",0.0106164383561644
"S14","2039",0.0106164383561644
"S14","2040",0.0106164383561644
"S14","2041",0.0106164383561644
"S14","2042",0.0106164383561644
"S14","2043",0.0106164383561644
"S14","2044",0.0106164383561644
"S14","2045",0.0106164383561644
"S14","2046",0.0106164383561644
"S14","2047",0.0106164383561644
"S14","2048",0.0106164383561644
"S14","2049",0.0106164383561644
"S14","2050",0.0106164383561644
"S15","2015",0.0106164383561644
"S15","2016",0.0106164383561644
"S15","2017",0.0106164383561644
"S15","2018",0.0106164383561644
"S15","2019",0.0106164383561644
"S15","2020",0.0106164383561644
"S15","2021",0.0106164383561644
"S15","2022",0.0106164383561644
"S15","2023",0.0106164383561644
"S15","2024",0.0106164383561644
"S15","2025",0.0106164383561644
"S15","2026",0.0106164383561644
"S15","2027",0.0106164383561644
"S15","2028",0.0106164383561644
"S15","2029",0.0106164383561644
"S15","2030",0.0106164383561644
"S15","2031",0.0106164383561644
"S15","2032",0.0106164383561644
"S15","2033",0.0106164383561644
"S15","2034",0.0106164383561644
"S15","2035",0.0106164383561644
"S15","2036",0.0106164383561644
"S15","2037",0.0106164383561644
"S15","2038",0.0106164383561644
"S15","2039",0.0106164383561644
"S15","2040",0.0106164383561644
"S15","2041",0.0106164383561644
"S15","2042",0.0106164383561644
"S15","2043",0.0106164383561644
"S15","2044",0.0106164383561644
"S15","2045",0.0106164383561644
"S15","2046",0.0106164383561644
"S15","2047",0.0106164383561644
"S15","2048",0.0106164383561644
"S15","2049",0.0106164383561644
"S15","2050",0.0106164383561644
"S16","2015",0.0106164383561644
"S16","2016",0.0106164383561644
"S16","2017",0.0106164383561644
"S16","2018",0.0106164383561644
"S16","2019",0.0106164383561644
"S16","2020",0.0106164383561644
"S16","2021",0.0106164383561644
"S16","2022",0.0106164383561644
"S16","2023",0.0106164383561644
"S16","2024",0.0106164383561644
"S16","2025",0.0106164383561644
"S16","2026",0.0106164383561644
"S16","2027",0.0106164383561644
"S16","2028",0.0106164383561644
"S16","2029",0.0106164383561644
"S16","2030",0.0106164383561644
"S16","2031",0.0106164383561644
"S16","2032",0.0106164383561644
"S16","2033",0.0106164383561644
"S16","2034",0.0106164383561644
"S16","2035",0.0106164383561644
"S16","2036",0.0106164383561644
"S16","2037",0.0106164383561644
"S16","2038",0.0106164383561644
"S16","2039",0.0106164383561644
"S16","2040",0.0106164383561644
"S16","2041",0.0106164383561644
"S16","2042",0.0106164383561644
"S16","2043",0.0106164383561644
"S16","2044",0.0106164383561644
"S16","2045",0.0106164383561644
"S16","2046",0.0106164383561644
"S16","2047",0.0106164383561644
"S16","2048",0.0106164383561644
"S16","2049",0.0106164383561644
"S16","2050",0.0106164383561644
"S17","2015",0.0106164383561644
"S17","2016",0.0106164383561644
"S17","2017",0.0106164383561644
"S17","2018",0.0106164383561644
"S17","2019",0.0106164383561644
"S17","2020",0.0106164383561644
"S17","2021",0.0106164383561644
"S17","2022",0.0106164383561644
"S17","2023",0.0106164383561644
"S17","2024",0.0106164383561644
"S17","2025",0.0106164383561644
"S17","2026",0.0106164383561644
"S17","2027",0.0106164383561644
"S17","2028",0.0106164383561644
"S17","2029",0.0106164383561644
"S17","2030",0.0106164383561644
"S17","2031",0.0106164383561644
"S17","2032",0.0106164383561644
"S17","2033",0.0106164383561644
"S17","2034",0.0106164383561644
"S17","2035",0.0106164383561644
"S17","2036",0.0106164383561644
"S17","2037",0.0106164383561644
"S17","2038",0.0106164383561644
"S17","2039",0.0106164383561644
"S17","2040",0.0106164383561644
"S17","2041",0.0106164383561644
"S17","2042",0.0106164383561644
"S17","2043",0.0106164383561644
"S17","2044",0.0106164383561644
"S17","2045",0.0106164383561644
"S17","2046",0.0106164383561644
"S17","2047",0.0106164383561644
"S17","2048",0.0106164383561644
"S17","2049",0.0106164383561644
"S17","2050",0.0106164383561644
"S18","2015",0.0106164383561644
"S18","2016",0.0106164383561644
"S18","2017",0.0106164383561644
"S18","2018",0.0106164383561644
"S18","2019",0.0106164383561644
"S18","2020",0.0106164383561644
"S18","2021",0.0106164383561644
"S18","2022",0.0106164383561644
"S18","2023",0.0106164383561644
"S18","2024",0.0106164383561644
"S18","2025",0.0106164383561644
"S18","2026",0.0106164383561644
"S18","2027",0.0106164383561644
"S18","2028",0.0106164383561644
"S18","2029",0.0106164383561644
"S18","2030",0.0106164383561644
"S18","2031",0.0106164383561644
"S18","2032",0.0106164383561644
"S18","2033",0.0106164383561644
"S18","2034",0.0106164383561644
"S18","2035",0.0106164383561644
"S18","2036",0.0106164383561644
"S18","2037",0.0106164383561644
"S18","2038",0.0106164383561644
"S18","2039",0.0106164383561644
"S18","2040",0.0106164383561644
"S18","2041",0.0106164383561644
"S18","2042",0.0106164383561644
"S18","2043",0.0106164383561644
"S18","2044",0.0106164383561644
"S18","2045",0.0106164383561644
"S18","2046",0.0106164383561644
"S18","2047",0.0106164383561644
"S18","2048",0.0106164383561644
"S18","2049",0.0106164383561644
"S18","2050",0.0106164383561644
"S19","2015",0.0106164383561644
"S19","2016",0.0106164383561644
"S19","2017",0.0106164383561644
"S19","2018",0.0106164383561644
"S19","2019",0.0106164383561644
"S19","2020",0.0106164383561644
"S19","2021",0.0106164383561644
"S19","2022",0.0106164383561644
"S19","2023",0.0106164383561644
"S19","2024",0.0106164383561644
"S19","2025",0.0106164383561644
"S19","2026",0.0106164383561644
"S19","2027",0.0106164383561644
"S19","2028",0.0106164383561644
"S19","2029",0.0106164383561644
"S19","2030",0.0106164383561644
"S19","2031",0.0106164383561644
"S19","2032",0.0106164383561644
"S19","2033",0.0106164383561644
"S19","2034",0.0106164383561644
"S19","2035",0.0106164383561644
"S19","2036",0.0106164383561644
"S19","2037",0.0106164383561644
"S19","2038",0.0106164383561644
"S19","2039",0.0106164383561644
"S19","2040",0.0106164383561644
"S19","2041",0.0106164383561644
"S19","2042",0.0106164383561644
"S19","2043",0.0106164383561644
"S19","2044",0.0106164383561644
"S19","2045",0.0106164383561644
"S19","2046",0.0106164383561644
"S19","2047",0.0106164383561644
"S19","2048",0.0106164383561644
"S19","2049",0.0106164383561644
"S19","2050",0.0106164383561644
"S20","2015",0.0106164383561644
"S20","2016",0.0106164383561644
"S20","2017",0.0106164383561644
"S20","2018",0.0106164383561644
"S20","2019",0.0106164383561644
"S20","2020",0.0106164383561644
"S20","2021",0.0106164383561644
"S20","2022",0.0106164383561644
"S20","2023",0.0106164383561644
"S20","2024",0.0106164383561644
"S20","2025",0.0106164383561644
"S20","2026",0.0106164383561644
"S20","2027",0.0106164383561644
"S20","2028",0.0106164383561644
"S20","2029",0.0106164383561644
"S20","2030",0.0106164383561644
"S20","2031",0.0106164383561644
"S20","2032",0.0106164383561644
"S20","2033",0.0106164383561644
"S20","2034",0.0106164383561644
"S20","2035",0.0106164383561644
"S20","2036",0.0106164383561644
"S20","2037",0.0106164383561644
"S20","2038",0.0106164383561644
"S20","2039",0.0106164383561644
"S20","2040",0.0106164383561644
"S20","2041",0.0106164383561644
"S20","2042",0.0106164383561644
"S20","2043",0.0106164383561644
"S20","2044",0.0106164383561644
"S20","2045",0.0106164383561644
"S20","2046",0.0106164383561644
"S20","2047",0.0106164383561644
"S20","2048",0.0106164383561644
"S20","2049",0.0106164383561644
"S20","2050",0.0106164383561644
"S21","2015",0.0106164383561644
"S21","2016",0.0106164383561644
"S21","2017",0.0106164383561644
"S21","2018",0.0106164383561644
"S21","2019",0.0106164383561644
"S21","2020",0.0106164383561644
"S21","2021",0.0106164383561644
"S21","2022",0.0106164383561644
"S21","2023",0.0106164383561644
"S21","2024",0.0106164383561644
"S21","2025",0.0106164383561644
"S21","2026",0.0106164383561644
"S21","2027",0.0106164383561644
"S21","2028",0.0106164383561644
"S21","2029",0.0106164383561644
"S21","2030",0.0106164383561644
"S21","2031",0.0106164383561644
"S21","2032",0.0106164383561644
"S21","2033",0.0106164383561644
"S21","2034",0.0106164383561644
"S21","2035",0.0106164383561644
"S21","2036",0.0106164383561644
"S21","2037",0.0106164383561644
"S21","2038",0.0106164383561644
"S21","2039",0.0106164383561644
"S21","2040",0.0106164383561644
"S21","2041",0.0106164383561644
"S21","2042",0.0106164383561644
"S21","2043",0.0106164383561644
"S21","2044",0.0106164383561644
"S21","2045",0.0106164383561644
"S21","2046",0.0106164383561644
"S21","2047",0.0106164383561644
"S21","2048",0.0106164383561644
"S21","2049",0.0106164383561644
"S21","2050",0.0106164383561644
"S22","2015",0.0106164383561644
"S22","2016",0.0106164383561644
"S22","2017",0.0106164383561644
"S22","2018",0.0106164383561644
"S22","2019",0.0106164383561644
"S22","2020",0.0106164383561644
"S22","2021",0.0106164383561644
"S22","2022",0.0106164383561644
"S22","2023",0.0106164383561644
"S22","2024",0.0106164383561644
"S22","2025",0.0106164383561644
"S22","2026",0.0106164383561644
"S22","2027",0.0106164383561644
"S22","2028",0.0106164383561644
"S22","2029",0.0106164383561644
"S22","2030",0.0106164383561644
"S22","2031",0.0106164383561644
"S22","2032",0.0106164383561644
"S22","2033",0.0106164383561644
"S22","2034",0.0106164383561644
"S22","2035",0.0106164383561644
"S22","2036",0.0106164383561644
"S22","2037",0.0106164383561644
"S22","2038",0.0106164383561644
"S22","2039",0.0106164383561644
"S22","2040",0.0106164383561644
"S22","2041",0.0106164383561644
"S22","2042",0.0106164383561644
"S22","2043",0.0106164383561644
"S22","2044",0.0106164383561644
"S22","2045",0.0106164383561644
"S22","2046",0.0106164383561644
"S22","2047",0.0106164383561644
"S22","2048",0.0106164383561644
"S22","2049",0.0106164383561644
"S22","2050",0.0106164383561644
"S23","2015",0.0106164383561644
"S23","2016",0.0106164383561644
"S23","2017",0.0106164383561644
"S23","2018",0.0106164383561644
"S23","2019",0.0106164383561644
"S23","2020",0.0106164383561644
"S23","2021",0.0106164383561644
"S23","2022",0.0106164383561644
"S23","2023",0.0106164383561644
"S23","2024",0.0106164383561644
"S23","2025",0.0106164383561644
"S23","2026",0.0106164383561644
"S23","2027",0.0106164383561644
"S23","2028",0.0106164383561644
"S23","2029",0.0106164383561644
"S23","2030",0.0106164383561644
"S23","2031",0.0106164383561644
"S23","2032",0.0106164383561644
"S23","2033",0.0106164383561644
"S23","2034",0.0106164383561644
"S23","2035",0.0106164383561644
"S23","2036",0.0106164383561644
"S23","2037",0.0106164383561644
"S23","2038",0.0106164383561644
"S23","2039",0.0106164383561644
"S23","2040",0.0106164383561644
"S23","2041",0.0106164383561644
"S23","2042",0.0106164383561644
"S23","2043",0.0106164383561644
"S23","2044",0.0106164383561644
"S23","2045",0.0106164383561644
"S23","2046",0.0106164383561644
"S23","2047",0.0106164383561644
"S23","2048",0.0106164383561644
"S23","2049",0.0106164383561644
"S23","2050",0.0106164383561644
"S24","2015",0.0106164383561644
"S24","2016",0.0106164383561644
"S24","2017",0.0106164383561644
"S24","2018",0.0106164383561644
"S24","2019",0.0106164383561644
"S24","2020",0.0106164383561644
"S24","2021",0.0106164383561644
"S24","2022",0.0106164383561644
"S24","2023",0.0106164383561644
"S24","2024",0.0106164383561644
"S24","2025",0.0106164383561644
"S24","2026",0.0106164383561644
"S24","2027",0.0106164383561644
"S24","2028",0.0106164383561644
"S24","2029",0.0106164383561644
"S24","2030",0.0106164383561644
"S24","2031",0.0106164383561644
"S24","2032",0.0106164383561644
"S24","2033",0.0106164383561644
"S24","2034",0.0106164383561644
"S24","2035",0.0106164383561644
"S24","2036",0.0106164383561644
"S24","2037",0.0106164383561644
"S24","2038",0.0106164383561644
"S24","2039",0.0106164383561644
"S24","2040",0.0106164383561644
"S24","2041",0.0106164383561644
"S24","2042",0.0106164383561644
"S24","2043",0.0106164383561644
"S24","2044",0.0106164383561644
"S24","2045",0.0106164383561644
"S24","2046",0.0106164383561644
"S24","2047",0.0106164383561644
"S24","2048",0.0106164383561644
"S24","2049",0.0106164383561644
"S24","2050",0.0106164383561644
